Geography,Total Estimate,Total Margin of Error,Estimate - Less than 5 minutes,Margin of Error - Less than 5 minutes,Estimate - 5 to 9 minutes,Margin of Error - 5 to 9 minutes,Estimate - 10 to 14 minutes,Margin of Error - 10 to 14 minutes,Estimate - 15 to 19 minutes,Margin of Error - 15 to 19 minutes,Estimate - 20 to 24 minutes,Margin of Error - 20 to 24 minutes,Estimate - 25 to 29 minutes,Margin of Error - 25 to 29 minutes,Estimate - 30 to 34 minutes,Margin of Error - 30 to 34 minutes,Estimate - 35 to 39 minutes,Margin of Error - 35 to 39 minutes,Estimate - 40 to 44 minutes,Margin of Error - 40 to 44 minutes,Estimate - 45 to 59 minutes,Margin of Error - 45 to 59 minutes,Estimate - 60 to 89 minutes,Margin of Error - 60 to 89 minutes,Estimate - 90 or more minutes,Margin of Error - 90 or more minutes,Block Group,Census Tract,County,State
1500000US250250001001,1155,256,23,39,106,74,36,33,223,109,178,137,45,42,260,120,0,12,133,90,102,48,49,45,0,12,1,1,Suffolk County,Massachusetts
1500000US250250001002,790,191,0,12,14,21,30,23,172,82,86,40,41,46,219,83,51,56,48,48,119,64,10,17,0,12,2,1,Suffolk County,Massachusetts
1500000US250250001003,525,162,0,12,0,12,40,28,50,32,114,57,86,56,105,58,32,41,14,24,62,53,22,27,0,12,3,1,Suffolk County,Massachusetts
1500000US250250001004,1019,309,0,12,54,57,52,49,108,103,82,43,37,30,369,231,33,33,107,51,125,84,52,45,0,12,4,1,Suffolk County,Massachusetts
1500000US250250002011,910,211,0,12,69,86,36,43,66,48,98,48,27,34,252,133,74,71,28,31,147,77,87,48,26,23,1,2.01,Suffolk County,Massachusetts
1500000US250250002012,463,202,0,12,0,12,60,75,58,58,29,35,38,32,144,77,5,10,47,30,47,27,35,28,0,12,2,2.01,Suffolk County,Massachusetts
1500000US250250002013,832,178,0,12,17,19,145,87,84,79,83,51,50,33,227,99,62,42,56,47,93,59,15,17,0,12,3,2.01,Suffolk County,Massachusetts
1500000US250250002014,657,210,0,12,21,31,36,32,40,29,113,96,14,20,256,168,40,33,15,17,59,39,63,46,0,12,4,2.01,Suffolk County,Massachusetts
1500000US250250002021,1154,276,8,12,77,57,29,30,66,66,82,48,90,76,226,126,134,97,137,79,220,83,44,32,41,51,1,2.02,Suffolk County,Massachusetts
1500000US250250002022,652,147,0,12,6,11,60,50,41,31,74,48,100,58,59,38,37,40,50,48,149,67,76,58,0,12,2,2.02,Suffolk County,Massachusetts
1500000US250250002023,461,160,0,12,0,12,92,74,19,16,53,47,12,19,138,86,0,12,39,43,25,27,53,60,30,42,3,2.02,Suffolk County,Massachusetts
1500000US250250002024,224,103,28,45,34,39,7,10,40,46,13,14,0,12,64,42,0,12,17,24,0,12,21,32,0,12,4,2.02,Suffolk County,Massachusetts
1500000US250250003011,600,209,28,44,0,12,0,12,202,118,41,50,18,30,104,67,32,32,53,64,71,45,51,61,0,12,1,3.01,Suffolk County,Massachusetts
1500000US250250003012,454,168,11,19,17,32,42,30,129,112,97,91,8,14,35,48,0,12,39,35,71,53,0,12,5,9,2,3.01,Suffolk County,Massachusetts
1500000US250250003013,451,207,0,12,14,22,68,43,26,31,32,45,0,12,97,64,35,35,105,127,45,36,29,36,0,12,3,3.01,Suffolk County,Massachusetts
1500000US250250003014,493,154,0,12,41,43,25,28,18,21,59,44,48,48,104,51,26,26,22,26,134,112,11,17,5,8,4,3.01,Suffolk County,Massachusetts
1500000US250250003021,1002,251,0,12,0,12,23,28,87,61,171,122,50,41,253,117,91,80,23,38,158,130,95,63,51,48,1,3.02,Suffolk County,Massachusetts
1500000US250250003022,988,203,0,12,49,44,204,78,55,57,221,117,12,17,206,82,10,17,114,70,54,42,48,48,15,21,2,3.02,Suffolk County,Massachusetts
1500000US250250004011,1052,241,0,12,0,12,40,50,73,55,73,64,41,36,250,133,66,40,123,85,218,143,127,72,41,41,1,4.01,Suffolk County,Massachusetts
1500000US250250004012,968,288,0,12,45,29,14,23,33,32,30,36,102,76,126,76,23,36,103,91,236,155,243,130,13,21,2,4.01,Suffolk County,Massachusetts
1500000US250250004013,589,193,54,59,17,27,0,12,24,36,39,37,87,70,150,79,9,18,68,83,100,65,41,44,0,12,3,4.01,Suffolk County,Massachusetts
1500000US250250004014,980,302,32,42,8,18,14,23,85,106,281,205,32,31,104,63,48,37,60,50,149,131,167,92,0,12,4,4.01,Suffolk County,Massachusetts
1500000US250250004021,773,151,24,27,31,29,16,18,69,51,87,62,36,32,181,80,33,20,53,34,72,40,143,65,28,25,1,4.02,Suffolk County,Massachusetts
1500000US250250004022,623,181,36,48,62,48,16,14,43,35,32,23,9,20,165,87,8,13,55,43,96,72,90,58,11,17,2,4.02,Suffolk County,Massachusetts
1500000US250250004023,837,191,41,41,44,39,62,67,41,41,124,69,110,61,107,54,39,34,32,28,131,63,62,45,44,57,3,4.02,Suffolk County,Massachusetts
1500000US250250005021,617,88,0,12,9,13,24,16,71,37,90,63,10,15,94,63,18,17,98,55,170,97,33,29,0,12,1,5.02,Suffolk County,Massachusetts
1500000US250250005022,507,101,10,15,34,33,57,34,62,34,60,44,55,43,110,54,16,18,15,18,53,37,35,27,0,12,2,5.02,Suffolk County,Massachusetts
1500000US250250005023,897,136,0,12,5,7,34,28,90,43,63,39,72,55,105,44,31,27,133,64,220,85,136,55,8,11,3,5.02,Suffolk County,Massachusetts
1500000US250250005024,859,289,29,33,293,145,231,111,175,105,16,24,32,52,9,17,17,25,21,41,36,47,0,12,0,12,4,5.02,Suffolk County,Massachusetts
1500000US250250005031,472,94,0,12,29,27,31,29,0,12,17,18,36,32,123,58,15,21,35,19,113,56,62,34,11,20,1,5.03,Suffolk County,Massachusetts
1500000US250250005032,1027,156,0,12,20,26,37,43,16,20,206,75,11,14,227,69,76,58,86,44,197,71,151,63,0,12,2,5.03,Suffolk County,Massachusetts
1500000US250250005041,824,295,43,69,29,34,76,77,14,23,100,93,39,40,173,97,29,31,70,55,144,101,92,86,15,25,1,5.04,Suffolk County,Massachusetts
1500000US250250005042,542,165,0,12,0,12,0,12,17,28,43,42,90,61,115,75,0,12,32,44,87,61,124,82,34,54,2,5.04,Suffolk County,Massachusetts
1500000US250250005043,1004,229,0,12,0,12,56,53,133,96,103,79,128,79,260,153,16,26,30,34,190,101,88,65,0,12,3,5.04,Suffolk County,Massachusetts
1500000US250250005044,504,236,0,12,0,12,48,40,0,12,131,130,19,31,127,77,21,35,35,42,90,79,33,38,0,12,4,5.04,Suffolk County,Massachusetts
1500000US250250006011,483,198,0,12,32,39,21,16,41,33,222,136,6,10,76,51,0,12,68,57,5,8,12,19,0,12,1,6.01,Suffolk County,Massachusetts
1500000US250250006012,887,222,6,9,0,12,122,93,82,50,46,34,30,27,253,134,23,28,33,28,146,86,120,60,26,24,2,6.01,Suffolk County,Massachusetts
1500000US250250006013,509,181,25,32,64,65,25,41,39,52,20,22,23,22,102,43,9,13,65,42,123,73,14,13,0,12,3,6.01,Suffolk County,Massachusetts
1500000US250250006014,723,178,25,40,41,30,63,52,70,44,50,37,4,6,184,89,8,11,100,71,59,34,119,69,0,12,4,6.01,Suffolk County,Massachusetts
1500000US250250006021,882,274,0,12,33,37,61,46,131,72,74,63,52,48,139,111,0,12,53,45,214,104,125,101,0,12,1,6.02,Suffolk County,Massachusetts
1500000US250250006022,606,262,0,12,42,46,0,12,100,75,60,56,18,19,130,71,42,46,66,54,148,130,0,12,0,12,2,6.02,Suffolk County,Massachusetts
1500000US250250006023,844,224,0,12,48,42,83,92,131,96,81,80,0,12,239,127,0,12,26,34,121,80,88,69,27,32,3,6.02,Suffolk County,Massachusetts
1500000US250250007011,473,122,0,12,0,12,24,39,61,53,41,45,20,23,31,35,55,48,29,35,69,62,143,72,0,12,1,7.01,Suffolk County,Massachusetts
1500000US250250007012,311,222,0,12,2,4,6,11,51,49,44,69,0,12,11,17,18,29,0,12,124,83,55,59,0,12,2,7.01,Suffolk County,Massachusetts
1500000US250250007013,499,265,0,12,48,60,107,154,27,30,95,122,44,51,45,35,17,27,15,24,50,45,51,48,0,12,3,7.01,Suffolk County,Massachusetts
1500000US250250007014,472,214,0,12,0,12,16,25,94,149,61,100,29,32,87,91,47,36,20,32,97,68,21,24,0,12,4,7.01,Suffolk County,Massachusetts
1500000US250250007015,1382,370,0,12,24,39,83,68,159,117,149,128,64,56,223,141,80,55,85,54,273,163,208,92,34,27,5,7.01,Suffolk County,Massachusetts
1500000US250250007031,555,108,0,12,12,13,20,38,29,26,87,52,12,13,82,42,20,24,38,37,152,56,96,55,7,11,1,7.03,Suffolk County,Massachusetts
1500000US250250007032,709,125,10,15,34,32,62,39,18,21,52,42,17,16,170,72,38,34,118,96,103,48,87,40,0,12,2,7.03,Suffolk County,Massachusetts
1500000US250250007041,1001,233,0,12,0,12,26,35,28,29,146,126,71,47,264,103,34,58,55,54,236,149,141,143,0,12,1,7.04,Suffolk County,Massachusetts
1500000US250250007042,467,165,0,12,0,12,0,12,54,59,20,24,35,39,179,116,16,18,37,36,102,72,24,30,0,12,2,7.04,Suffolk County,Massachusetts
1500000US250250007043,706,196,0,12,41,56,22,26,30,43,102,77,41,40,183,97,7,12,99,72,68,55,113,101,0,12,3,7.04,Suffolk County,Massachusetts
1500000US250250007044,681,192,0,12,20,32,0,12,145,128,70,61,19,29,107,96,23,31,85,84,83,69,45,49,84,115,4,7.04,Suffolk County,Massachusetts
1500000US250250008021,655,271,0,12,40,65,25,26,79,85,3,9,11,17,144,119,18,29,106,154,130,110,81,75,18,28,1,8.02,Suffolk County,Massachusetts
1500000US250250008022,834,269,0,12,8,26,34,35,86,60,52,51,34,39,188,92,19,32,127,90,138,113,148,103,0,12,2,8.02,Suffolk County,Massachusetts
1500000US250250008023,480,216,18,32,55,64,46,41,59,77,0,12,64,100,116,88,71,74,13,24,19,30,19,32,0,12,3,8.02,Suffolk County,Massachusetts
1500000US250250008024,1205,349,0,12,31,32,166,116,234,174,126,76,73,57,162,125,101,72,58,53,154,112,100,91,0,12,4,8.02,Suffolk County,Massachusetts
1500000US250250008025,978,234,11,20,50,42,118,93,184,105,53,40,55,50,162,92,35,41,92,68,183,103,16,28,19,31,5,8.02,Suffolk County,Massachusetts
1500000US250250008031,584,195,30,29,101,61,92,58,24,19,81,77,13,15,102,85,28,30,32,20,45,29,31,55,5,8,1,8.03,Suffolk County,Massachusetts
1500000US250250008032,1249,320,180,115,245,129,204,122,258,154,131,121,61,69,25,40,28,42,48,66,24,47,45,62,0,12,2,8.03,Suffolk County,Massachusetts
1500000US250250101031,369,123,0,12,66,46,75,73,65,61,25,27,8,13,79,50,8,9,0,12,16,18,27,22,0,12,1,101.03,Suffolk County,Massachusetts
1500000US250250101032,376,190,39,44,57,58,136,122,28,41,61,56,9,13,32,42,6,9,2,4,0,12,6,12,0,12,2,101.03,Suffolk County,Massachusetts
1500000US250250101033,593,122,54,37,146,51,96,40,101,65,32,25,5,7,62,38,14,14,10,17,17,25,37,29,19,23,3,101.03,Suffolk County,Massachusetts
1500000US250250101041,701,136,0,12,45,52,67,45,117,69,121,53,34,21,179,72,51,36,43,38,27,24,17,38,0,12,1,101.04,Suffolk County,Massachusetts
1500000US250250101042,1268,286,101,78,212,100,186,115,220,102,188,83,53,39,142,69,58,43,25,23,29,21,30,60,24,30,2,101.04,Suffolk County,Massachusetts
1500000US250250101043,688,196,40,45,92,77,34,28,179,115,127,81,0,12,77,51,32,26,33,31,59,54,15,23,0,12,3,101.04,Suffolk County,Massachusetts
1500000US250250102031,289,109,8,13,42,48,46,44,27,28,71,56,0,12,32,42,7,13,7,12,18,20,31,35,0,12,1,102.03,Suffolk County,Massachusetts
1500000US250250102032,1252,270,0,12,36,40,157,85,285,158,149,84,28,33,374,152,10,17,148,120,48,48,17,28,0,12,2,102.03,Suffolk County,Massachusetts
1500000US250250102033,1136,349,0,12,137,124,194,133,161,109,216,159,24,29,199,155,39,40,107,89,52,85,6,13,1,2,3,102.03,Suffolk County,Massachusetts
1500000US250250102034,589,293,39,64,54,88,78,93,91,90,163,156,79,127,40,44,0,12,0,12,45,45,0,12,0,12,4,102.03,Suffolk County,Massachusetts
1500000US250250102041,602,171,27,31,164,105,101,61,77,47,43,32,31,32,84,55,4,8,0,12,41,41,30,30,0,12,1,102.04,Suffolk County,Massachusetts
1500000US250250102042,843,221,5,11,187,115,196,99,95,60,105,57,22,23,157,82,6,12,6,9,35,39,29,18,0,12,2,102.04,Suffolk County,Massachusetts
1500000US250250102043,416,149,0,12,71,63,108,118,52,36,58,53,20,19,31,23,0,12,26,23,34,30,6,9,10,16,3,102.04,Suffolk County,Massachusetts
1500000US250250103001,487,117,26,26,170,76,67,41,61,35,51,34,0,12,60,44,12,16,9,17,15,18,16,20,0,12,1,103,Suffolk County,Massachusetts
1500000US250250103002,1746,314,168,100,555,114,365,132,220,75,150,104,39,29,101,52,35,34,27,22,24,22,57,34,5,9,2,103,Suffolk County,Massachusetts
1500000US250250104031,435,144,38,14,31,33,17,27,137,103,87,83,0,12,42,37,13,22,8,13,47,42,15,23,0,12,1,104.03,Suffolk County,Massachusetts
1500000US250250104032,439,119,25,38,26,43,58,57,66,73,75,65,38,31,78,68,14,22,0,12,43,38,16,23,0,12,2,104.03,Suffolk County,Massachusetts
1500000US250250104033,518,155,0,12,0,12,42,53,44,55,152,95,0,12,103,93,15,24,47,52,0,12,64,54,51,42,3,104.03,Suffolk County,Massachusetts
1500000US250250104041,915,234,34,29,105,93,145,84,83,69,82,56,36,23,206,74,21,32,21,24,83,51,90,50,9,15,1,104.04,Suffolk County,Massachusetts
1500000US250250104042,565,199,82,56,89,54,139,69,60,66,49,38,26,25,51,43,4,6,5,9,18,19,28,27,14,20,2,104.04,Suffolk County,Massachusetts
1500000US250250104043,446,113,12,18,72,48,86,55,16,20,60,46,44,32,97,42,4,6,12,18,28,27,15,23,0,12,3,104.04,Suffolk County,Massachusetts
1500000US250250104051,1321,203,81,59,298,94,174,73,127,66,156,60,33,39,139,67,52,41,39,37,109,62,90,48,23,34,1,104.05,Suffolk County,Massachusetts
1500000US250250104052,1022,175,68,40,195,72,155,63,188,88,101,48,49,25,115,52,46,34,42,35,30,28,24,18,9,17,2,104.05,Suffolk County,Massachusetts
1500000US250250104053,185,66,7,15,8,15,33,34,23,24,0,12,12,14,60,44,0,12,8,9,4,6,30,28,0,12,3,104.05,Suffolk County,Massachusetts
1500000US250250104081,1009,124,31,35,48,35,95,66,206,59,144,45,44,26,156,61,55,30,40,20,83,40,79,49,28,34,1,104.08,Suffolk County,Massachusetts
1500000US250250105001,382,141,0,12,64,47,90,57,11,18,17,19,101,82,25,24,0,12,7,11,9,14,44,46,14,20,1,105,Suffolk County,Massachusetts
1500000US250250105002,482,176,0,12,5,7,37,27,109,97,54,34,39,36,109,65,24,37,5,8,45,53,44,43,11,18,2,105,Suffolk County,Massachusetts
1500000US250250105003,623,156,34,36,35,49,107,73,107,57,137,70,54,42,40,34,38,42,13,15,33,37,18,20,7,12,3,105,Suffolk County,Massachusetts
1500000US250250106001,1245,240,53,84,80,66,198,95,221,103,233,122,32,32,265,117,53,58,53,53,26,33,31,42,0,12,1,106,Suffolk County,Massachusetts
1500000US250250106002,612,170,45,61,41,53,33,33,45,45,97,71,78,55,142,69,64,63,10,14,47,44,10,16,0,12,2,106,Suffolk County,Massachusetts
1500000US250250107011,649,133,8,16,77,51,63,52,58,40,81,43,75,70,60,39,60,39,41,31,97,72,8,17,21,34,1,107.01,Suffolk County,Massachusetts
1500000US250250107012,484,118,24,37,61,53,6,9,54,38,62,41,38,45,121,71,16,20,43,27,59,46,0,12,0,12,2,107.01,Suffolk County,Massachusetts
1500000US250250107013,563,136,19,30,45,40,35,28,97,52,124,58,43,34,112,62,40,41,4,6,11,20,21,34,12,19,3,107.01,Suffolk County,Massachusetts
1500000US250250107021,638,122,0,12,51,42,122,63,56,43,78,37,109,57,62,37,62,41,37,38,41,37,4,7,16,18,1,107.02,Suffolk County,Massachusetts
1500000US250250107022,480,105,0,12,45,29,100,54,91,55,59,35,47,50,63,36,0,12,16,18,59,38,0,12,0,12,2,107.02,Suffolk County,Massachusetts
1500000US250250107023,523,130,0,12,48,29,70,61,38,30,79,51,51,32,130,51,27,31,20,19,51,37,9,14,0,12,3,107.02,Suffolk County,Massachusetts
1500000US250250108011,426,100,14,18,67,59,43,31,89,47,51,41,49,37,66,58,0,12,11,13,14,17,13,17,9,13,1,108.01,Suffolk County,Massachusetts
1500000US250250108012,685,166,29,47,17,19,130,68,76,54,234,99,61,47,56,37,43,30,12,14,11,17,15,22,1,4,2,108.01,Suffolk County,Massachusetts
1500000US250250108013,658,151,0,12,5,8,175,83,72,54,114,66,61,45,158,77,10,15,9,15,28,19,26,25,0,12,3,108.01,Suffolk County,Massachusetts
1500000US250250108021,758,150,112,116,61,49,90,51,88,60,112,77,54,34,131,74,39,35,11,14,29,34,9,14,22,26,1,108.02,Suffolk County,Massachusetts
1500000US250250108022,939,170,52,48,25,24,114,62,89,49,189,88,72,42,185,91,89,69,18,19,47,32,59,37,0,12,2,108.02,Suffolk County,Massachusetts
1500000US250250108023,428,104,0,12,48,50,68,39,64,35,115,60,47,48,40,26,8,14,26,24,0,12,12,19,0,12,3,108.02,Suffolk County,Massachusetts
1500000US250250201011,479,175,75,90,0,12,41,43,36,39,68,58,83,107,92,86,0,12,16,26,18,30,31,43,19,29,1,201.01,Suffolk County,Massachusetts
1500000US250250201012,691,203,0,12,60,96,61,52,54,51,220,139,4,9,160,135,39,62,21,34,63,85,0,12,9,17,2,201.01,Suffolk County,Massachusetts
1500000US250250201013,845,217,41,56,172,111,153,76,149,89,155,89,23,37,87,72,31,37,0,12,18,29,0,12,16,25,3,201.01,Suffolk County,Massachusetts
1500000US250250201014,884,246,0,12,124,97,78,56,120,98,153,85,58,50,225,149,32,39,40,47,54,64,0,12,0,12,4,201.01,Suffolk County,Massachusetts
1500000US250250202001,836,212,80,76,55,67,44,49,208,120,116,66,159,96,89,57,0,12,27,30,31,34,27,32,0,12,1,202,Suffolk County,Massachusetts
1500000US250250202002,945,193,60,60,106,71,27,28,262,105,158,89,101,67,103,82,15,24,7,12,72,46,12,18,22,33,2,202,Suffolk County,Massachusetts
1500000US250250202003,968,228,28,44,62,47,58,39,230,108,225,117,65,55,158,105,0,12,48,55,50,41,44,38,0,12,3,202,Suffolk County,Massachusetts
1500000US250250203011,42,41,0,12,11,23,12,23,0,12,8,13,0,12,11,23,0,12,0,12,0,12,0,12,0,12,1,203.01,Suffolk County,Massachusetts
1500000US250250203012,1236,229,166,123,176,70,71,53,162,80,80,49,170,85,195,99,11,12,125,53,46,46,34,45,0,12,2,203.01,Suffolk County,Massachusetts
1500000US250250203021,683,108,5,8,51,31,105,65,132,63,164,57,37,22,67,32,28,20,37,23,12,14,39,31,6,9,1,203.02,Suffolk County,Massachusetts
1500000US250250203031,770,178,64,61,66,42,45,37,71,63,249,94,66,49,102,62,11,17,46,37,12,19,26,29,12,19,1,203.03,Suffolk County,Massachusetts
1500000US250250203032,1070,229,13,19,75,74,172,108,114,73,195,112,117,64,182,90,68,61,48,33,59,69,15,19,12,18,2,203.03,Suffolk County,Massachusetts
1500000US250250203033,522,145,43,51,69,54,108,67,84,48,60,56,51,51,41,32,22,26,13,19,31,30,0,12,0,12,3,203.03,Suffolk County,Massachusetts
1500000US250250301001,952,218,19,30,48,41,108,82,141,68,164,156,147,65,109,65,0,12,32,26,78,57,106,108,0,12,1,301,Suffolk County,Massachusetts
1500000US250250301002,679,145,18,21,56,15,41,35,137,76,91,67,111,87,129,78,42,31,0,12,43,28,0,12,11,17,2,301,Suffolk County,Massachusetts
1500000US250250302001,1233,172,25,30,79,43,132,93,311,112,174,82,128,74,150,80,18,21,12,13,139,117,56,38,9,14,1,302,Suffolk County,Massachusetts
1500000US250250303001,903,219,24,27,72,48,237,118,104,60,80,51,152,149,112,77,30,31,0,12,45,37,32,38,15,23,1,303,Suffolk County,Massachusetts
1500000US250250303002,628,265,14,23,49,79,71,56,250,175,34,34,64,67,42,57,34,77,0,12,34,77,20,34,16,24,2,303,Suffolk County,Massachusetts
1500000US250250303003,743,159,39,37,138,83,148,93,102,65,40,43,70,71,153,96,0,12,0,12,23,32,15,23,15,24,3,303,Suffolk County,Massachusetts
1500000US250250303004,704,234,37,59,120,108,112,59,145,79,112,104,0,12,59,59,71,94,8,12,40,60,0,12,0,12,4,303,Suffolk County,Massachusetts
1500000US250250304001,1068,181,13,21,31,39,154,79,79,48,211,83,114,60,195,129,69,54,50,40,92,60,31,23,29,28,1,304,Suffolk County,Massachusetts
1500000US250250304002,811,172,49,54,60,51,85,43,98,54,65,35,220,136,137,88,0,12,29,27,27,27,41,28,0,12,2,304,Suffolk County,Massachusetts
1500000US250250305001,320,78,0,12,10,16,64,35,56,34,90,41,8,13,5,7,42,33,30,33,15,22,0,12,0,12,1,305,Suffolk County,Massachusetts
1500000US250250305002,798,148,76,50,52,46,59,43,71,48,200,99,55,38,137,63,11,12,0,12,51,37,70,53,16,17,2,305,Suffolk County,Massachusetts
1500000US250250305003,694,113,24,26,13,20,80,46,73,40,152,60,45,36,148,59,10,16,48,38,69,43,23,22,9,15,3,305,Suffolk County,Massachusetts
1500000US250250401001,545,138,12,20,0,12,43,38,98,59,118,78,76,51,73,41,12,19,4,9,64,38,42,37,3,10,1,401,Suffolk County,Massachusetts
1500000US250250401002,841,127,0,12,24,28,100,48,85,45,150,64,100,55,156,61,111,60,41,42,32,30,32,28,10,16,2,401,Suffolk County,Massachusetts
1500000US250250402001,209,88,0,12,5,7,0,12,8,12,12,15,0,12,80,60,0,12,8,13,24,27,72,35,0,12,1,402,Suffolk County,Massachusetts
1500000US250250402002,606,97,8,11,44,38,34,31,47,25,95,42,50,30,165,58,52,30,11,12,51,30,49,37,0,12,2,402,Suffolk County,Massachusetts
1500000US250250403001,329,187,0,12,0,12,71,84,0,12,67,77,0,12,90,98,0,12,7,12,27,35,0,12,67,88,1,403,Suffolk County,Massachusetts
1500000US250250403002,1217,227,41,44,10,16,33,32,159,101,180,86,20,19,268,95,56,36,62,57,320,157,68,52,0,12,2,403,Suffolk County,Massachusetts
1500000US250250403003,370,79,3,9,12,20,29,27,34,32,43,36,55,44,48,33,51,40,22,23,57,41,16,25,0,12,3,403,Suffolk County,Massachusetts
1500000US250250403004,460,151,0,12,12,19,19,21,31,23,96,61,31,28,47,37,41,54,20,22,146,98,8,13,9,14,4,403,Suffolk County,Massachusetts
1500000US250250403005,481,134,0,12,35,51,16,18,43,52,64,47,38,30,95,55,8,13,33,27,132,70,17,20,0,12,5,403,Suffolk County,Massachusetts
1500000US250250404011,1203,217,72,67,0,12,15,20,212,138,161,97,96,57,337,119,0,12,72,58,198,124,18,21,22,25,1,404.01,Suffolk County,Massachusetts
1500000US250250404012,452,101,7,10,7,11,27,25,29,27,45,31,49,43,109,48,29,35,86,65,54,42,10,17,0,12,2,404.01,Suffolk County,Massachusetts
1500000US250250406001,937,196,0,12,0,12,78,47,36,34,158,80,43,29,230,83,103,93,108,93,112,57,62,55,7,12,1,406,Suffolk County,Massachusetts
1500000US250250406002,1361,205,8,12,33,27,109,58,88,48,212,65,180,81,425,111,87,55,49,37,94,54,67,58,9,15,2,406,Suffolk County,Massachusetts
1500000US250250408011,287,113,0,12,39,32,37,48,28,45,33,36,11,19,65,57,42,57,0,12,0,12,18,28,14,22,1,408.01,Suffolk County,Massachusetts
1500000US250250408012,378,228,0,12,0,12,6,11,0,12,39,30,19,27,187,171,0,12,18,28,61,56,48,49,0,12,2,408.01,Suffolk County,Massachusetts
1500000US250250408013,1548,219,20,23,107,55,74,44,149,67,304,113,127,61,261,101,124,66,96,54,176,73,70,47,40,34,3,408.01,Suffolk County,Massachusetts
1500000US250250501011,986,247,0,12,79,64,36,31,105,83,152,95,96,90,80,93,57,53,35,34,244,123,102,84,0,12,1,501.01,Suffolk County,Massachusetts
1500000US250250501012,587,204,9,14,22,33,77,49,54,47,80,60,0,12,79,73,73,74,32,51,30,41,74,52,57,49,2,501.01,Suffolk County,Massachusetts
1500000US250250501013,1156,269,0,12,51,79,54,51,125,80,32,29,63,58,409,204,91,57,80,76,124,76,127,97,0,12,3,501.01,Suffolk County,Massachusetts
1500000US250250502001,1016,297,10,18,102,81,19,21,96,68,72,57,72,56,218,113,8,14,104,65,204,112,66,43,45,38,1,502,Suffolk County,Massachusetts
1500000US250250502002,776,316,0,12,50,62,50,57,97,90,158,90,54,66,116,77,5,8,125,123,50,51,71,62,0,12,2,502,Suffolk County,Massachusetts
1500000US250250502003,574,247,0,12,0,12,49,47,64,48,81,63,69,67,52,46,0,12,25,38,98,120,104,87,32,33,3,502,Suffolk County,Massachusetts
1500000US250250502004,799,259,0,12,13,20,0,12,49,60,57,76,70,62,213,213,30,46,13,21,218,160,69,54,67,77,4,502,Suffolk County,Massachusetts
1500000US250250503001,469,125,21,30,0,12,32,24,105,60,68,31,69,47,84,42,19,30,22,34,30,27,19,29,0,12,1,503,Suffolk County,Massachusetts
1500000US250250503002,657,204,29,46,0,12,54,45,61,52,125,93,47,44,218,95,0,12,7,12,77,47,31,22,8,12,2,503,Suffolk County,Massachusetts
1500000US250250504001,330,148,0,12,22,26,60,54,50,48,48,37,18,25,95,48,0,12,11,12,26,27,0,12,0,12,1,504,Suffolk County,Massachusetts
1500000US250250504002,1219,261,0,12,8,11,50,33,263,119,94,48,191,68,267,111,22,24,131,83,74,49,90,88,29,31,2,504,Suffolk County,Massachusetts
1500000US250250505001,1239,181,0,12,51,41,77,45,55,36,184,57,39,30,315,148,71,35,89,51,185,77,145,62,28,25,1,505,Suffolk County,Massachusetts
1500000US250250506001,931,256,16,26,27,23,15,24,178,105,183,89,46,32,209,109,32,30,101,61,42,42,49,31,33,29,1,506,Suffolk County,Massachusetts
1500000US250250506002,774,241,0,12,18,26,34,32,50,42,141,96,54,42,204,117,17,25,26,31,142,67,88,65,0,12,2,506,Suffolk County,Massachusetts
1500000US250250507001,1472,408,0,12,28,34,0,12,56,46,237,193,37,41,581,272,127,147,57,70,138,94,211,148,0,12,1,507,Suffolk County,Massachusetts
1500000US250250507002,739,294,1,2,44,61,7,12,30,31,75,73,106,54,196,111,0,12,65,77,86,85,129,125,0,12,2,507,Suffolk County,Massachusetts
1500000US250250507003,1094,462,17,27,34,53,12,19,178,125,88,73,64,67,321,226,7,10,84,96,174,104,39,38,76,100,3,507,Suffolk County,Massachusetts
1500000US250250509011,1110,440,13,19,8,14,110,103,92,91,108,64,19,29,228,207,0,12,148,113,130,136,218,199,36,58,1,509.01,Suffolk County,Massachusetts
1500000US250250509012,1034,301,0,12,46,45,22,24,130,109,108,76,87,72,173,103,35,43,121,67,176,120,136,91,0,12,2,509.01,Suffolk County,Massachusetts
1500000US250250509013,564,242,0,12,26,42,28,31,7,11,181,170,38,60,119,84,0,12,104,80,50,58,11,18,0,12,3,509.01,Suffolk County,Massachusetts
1500000US250250510001,1457,319,0,12,95,67,76,52,111,69,273,107,115,72,429,281,60,49,92,54,138,92,52,37,16,26,1,510,Suffolk County,Massachusetts
1500000US250250510002,383,151,53,74,62,47,13,20,24,38,11,16,0,12,48,45,0,12,69,65,26,29,53,40,24,27,2,510,Suffolk County,Massachusetts
1500000US250250510003,628,205,0,12,29,36,25,29,58,63,78,88,14,20,171,98,44,38,0,12,179,132,30,46,0,12,3,510,Suffolk County,Massachusetts
1500000US250250511011,1799,576,0,12,0,12,123,113,196,112,290,154,0,12,364,200,32,37,237,218,256,157,230,276,71,87,1,511.01,Suffolk County,Massachusetts
1500000US250250511012,818,311,22,38,45,67,59,57,17,27,89,94,0,12,269,166,14,22,31,42,142,96,80,64,50,46,2,511.01,Suffolk County,Massachusetts
1500000US250250511013,986,380,0,12,0,12,96,102,62,56,142,92,27,32,91,72,150,218,85,76,112,102,184,117,37,59,3,511.01,Suffolk County,Massachusetts
1500000US250250511014,689,278,0,12,43,69,0,12,104,84,0,12,37,42,169,111,35,40,107,111,59,83,135,101,0,12,4,511.01,Suffolk County,Massachusetts
1500000US250250512001,149,62,0,12,0,12,13,20,12,18,40,32,11,17,50,38,0,12,8,14,0,12,15,26,0,12,1,512,Suffolk County,Massachusetts
1500000US250250512002,1054,232,32,44,34,38,72,72,136,94,109,76,142,108,196,93,22,23,119,81,98,71,94,74,0,12,2,512,Suffolk County,Massachusetts
1500000US250250512003,732,193,0,12,0,12,78,57,11,19,67,62,44,35,288,165,71,53,31,27,142,74,0,12,0,12,3,512,Suffolk County,Massachusetts
1500000US250250601011,922,285,9,14,0,12,59,50,195,160,99,64,137,77,265,188,10,15,22,24,107,76,19,22,0,12,1,601.01,Suffolk County,Massachusetts
1500000US250250601012,583,168,0,12,0,12,125,84,111,72,56,38,21,23,108,64,61,56,14,25,58,50,29,45,0,12,2,601.01,Suffolk County,Massachusetts
1500000US250250601013,576,159,9,14,48,35,42,51,64,52,116,63,76,46,104,61,17,20,26,30,58,43,16,18,0,12,3,601.01,Suffolk County,Massachusetts
1500000US250250601014,572,148,19,21,21,34,40,29,25,22,87,67,52,37,117,67,57,45,47,33,95,48,12,18,0,12,4,601.01,Suffolk County,Massachusetts
1500000US250250602001,651,170,5,7,8,11,108,73,43,27,78,41,25,17,176,76,30,34,57,31,96,40,25,24,0,12,1,602,Suffolk County,Massachusetts
1500000US250250602002,882,179,8,11,17,21,67,39,188,98,103,51,74,36,150,83,50,27,86,45,80,41,59,42,0,12,2,602,Suffolk County,Massachusetts
1500000US250250603011,921,191,0,12,53,43,29,27,137,75,91,73,97,72,246,80,87,69,33,44,111,66,21,24,16,25,1,603.01,Suffolk County,Massachusetts
1500000US250250603012,670,243,0,12,12,19,33,29,151,97,113,81,34,38,106,61,66,100,10,14,99,68,46,54,0,12,2,603.01,Suffolk County,Massachusetts
1500000US250250603013,1048,222,12,19,0,12,31,32,98,82,174,67,74,64,292,114,66,42,98,74,139,47,64,53,0,12,3,603.01,Suffolk County,Massachusetts
1500000US250250604001,1015,325,0,12,0,12,110,150,45,53,117,94,202,149,184,118,69,53,50,49,162,93,76,50,0,12,1,604,Suffolk County,Massachusetts
1500000US250250604002,865,315,0,12,29,35,14,23,0,12,257,146,93,88,40,43,91,68,112,144,229,152,0,12,0,12,2,604,Suffolk County,Massachusetts
1500000US250250604003,1003,406,0,12,0,12,54,73,75,59,291,206,156,171,260,162,89,67,0,12,78,62,0,12,0,12,3,604,Suffolk County,Massachusetts
1500000US250250604004,519,195,0,12,0,12,15,25,25,41,132,91,23,27,105,69,29,33,54,68,117,104,19,22,0,12,4,604,Suffolk County,Massachusetts
1500000US250250604005,353,156,0,12,0,12,17,29,28,34,23,28,33,38,144,100,0,12,28,31,16,24,18,30,46,52,5,604,Suffolk County,Massachusetts
1500000US250250605011,589,221,36,39,0,12,37,62,67,69,206,194,0,12,168,111,0,12,52,55,23,29,0,12,0,12,1,605.01,Suffolk County,Massachusetts
1500000US250250605012,985,269,0,12,49,60,130,110,73,74,320,164,13,22,214,102,82,86,55,41,28,47,21,20,0,12,2,605.01,Suffolk County,Massachusetts
1500000US250250605013,656,257,0,12,0,12,0,12,158,155,183,103,31,34,169,90,26,37,28,35,32,38,29,32,0,12,3,605.01,Suffolk County,Massachusetts
1500000US250250605014,404,211,0,12,54,57,38,60,33,52,90,78,21,25,58,60,0,12,15,23,0,12,95,104,0,12,4,605.01,Suffolk County,Massachusetts
1500000US250250605015,480,173,0,12,0,12,0,12,124,111,110,99,89,73,90,80,0,12,35,42,28,47,4,7,0,12,5,605.01,Suffolk County,Massachusetts
1500000US250250606001,3158,323,85,64,193,99,416,137,572,181,460,138,280,105,390,114,177,77,136,59,204,91,181,75,64,41,1,606,Suffolk County,Massachusetts
1500000US250250607001,379,93,17,18,8,10,52,31,42,35,48,35,30,31,120,60,12,19,20,22,4,6,13,14,13,20,1,607,Suffolk County,Massachusetts
1500000US250250607002,353,83,0,12,0,12,20,22,74,41,60,42,13,21,85,42,6,10,35,32,19,17,28,24,13,18,2,607,Suffolk County,Massachusetts
1500000US250250608001,548,208,0,12,56,89,13,21,72,63,200,123,49,48,60,86,29,30,22,33,36,43,11,18,0,12,1,608,Suffolk County,Massachusetts
1500000US250250608002,736,325,0,12,109,98,11,17,47,74,121,112,15,25,244,136,70,77,11,19,108,91,0,12,0,12,2,608,Suffolk County,Massachusetts
1500000US250250608003,732,221,0,12,101,87,0,12,73,51,134,81,172,154,79,61,16,27,24,28,102,81,31,47,0,12,3,608,Suffolk County,Massachusetts
1500000US250250608004,1347,342,58,95,38,55,41,41,125,90,268,177,84,61,486,224,55,52,51,65,113,84,28,29,0,12,4,608,Suffolk County,Massachusetts
1500000US250250610001,946,276,0,12,0,12,124,77,80,53,111,57,115,61,243,99,10,15,51,46,207,92,5,8,0,12,1,610,Suffolk County,Massachusetts
1500000US250250610002,469,154,0,12,64,60,37,38,9,22,12,16,54,71,234,121,0,12,0,12,17,27,14,23,28,41,2,610,Suffolk County,Massachusetts
1500000US250250610003,141,93,0,12,7,14,0,12,0,12,35,52,7,16,51,45,0,12,0,12,12,16,29,56,0,12,3,610,Suffolk County,Massachusetts
1500000US250250611011,382,107,0,12,18,18,20,24,96,66,80,53,37,37,77,47,0,12,22,23,11,15,21,22,0,12,1,611.01,Suffolk County,Massachusetts
1500000US250250611012,505,130,0,12,4,7,33,30,35,28,90,55,0,12,182,103,10,16,23,19,50,34,75,41,3,6,2,611.01,Suffolk County,Massachusetts
1500000US250250612001,2308,323,90,74,129,90,222,132,418,149,501,213,156,88,356,132,177,103,78,58,52,43,89,74,40,44,1,612,Suffolk County,Massachusetts
1500000US250250612002,466,225,35,54,55,62,17,21,62,61,130,94,33,36,71,52,3,7,0,12,25,29,16,24,19,28,2,612,Suffolk County,Massachusetts
1500000US250250612003,693,261,1,3,15,20,140,95,117,74,117,66,6,10,63,43,22,28,34,40,164,144,14,16,0,12,3,612,Suffolk County,Massachusetts
1500000US250250701011,834,193,14,25,232,119,28,33,81,61,173,89,57,69,135,95,29,32,15,25,65,45,5,11,0,12,1,701.01,Suffolk County,Massachusetts
1500000US250250701012,335,164,0,12,36,33,15,27,102,94,14,24,17,28,39,36,0,12,15,24,84,103,13,22,0,12,2,701.01,Suffolk County,Massachusetts
1500000US250250701013,284,115,16,25,27,31,0,12,52,82,79,57,0,12,17,27,14,32,46,75,0,12,33,36,0,12,3,701.01,Suffolk County,Massachusetts
1500000US250250701014,803,150,41,35,142,60,157,92,72,64,143,74,59,44,130,68,0,12,20,27,34,37,5,11,0,12,4,701.01,Suffolk County,Massachusetts
1500000US250250701015,127,91,0,12,0,12,16,25,62,61,14,21,0,12,16,27,0,12,0,12,19,32,0,12,0,12,5,701.01,Suffolk County,Massachusetts
1500000US250250701016,369,139,15,25,13,22,71,75,153,113,84,53,16,25,0,12,0,12,0,12,0,12,17,28,0,12,6,701.01,Suffolk County,Massachusetts
1500000US250250701017,657,208,73,74,99,53,31,25,298,179,13,24,50,45,84,53,0,12,9,16,0,12,0,12,0,12,7,701.01,Suffolk County,Massachusetts
1500000US250250701018,297,110,0,12,94,72,14,20,43,40,15,25,15,24,65,45,0,12,15,24,30,35,0,12,6,15,8,701.01,Suffolk County,Massachusetts
1500000US250250702001,529,209,37,41,88,100,163,127,69,53,30,35,0,12,15,15,27,35,0,12,0,12,93,80,7,11,1,702,Suffolk County,Massachusetts
1500000US250250702002,239,104,0,12,36,39,57,43,4,6,0,12,12,21,33,51,0,12,32,33,22,37,43,45,0,12,2,702,Suffolk County,Massachusetts
1500000US250250702003,1353,296,147,104,290,86,276,113,160,86,155,72,44,46,130,68,32,24,7,16,48,41,64,46,0,12,3,702,Suffolk County,Massachusetts
1500000US250250703001,498,152,16,27,52,52,60,54,43,46,173,89,14,23,55,60,0,12,16,24,33,54,36,57,0,12,1,703,Suffolk County,Massachusetts
1500000US250250703002,676,257,79,98,103,117,98,88,122,113,98,78,72,82,38,43,0,12,15,24,41,45,10,19,0,12,2,703,Suffolk County,Massachusetts
1500000US250250703003,604,188,44,62,45,42,92,80,16,25,147,115,30,36,53,54,0,12,16,26,83,96,59,90,19,30,3,703,Suffolk County,Massachusetts
1500000US250250703004,1074,256,30,46,98,90,192,126,92,59,153,79,133,95,261,96,48,60,42,53,25,43,0,12,0,12,4,703,Suffolk County,Massachusetts
1500000US250250704021,1236,131,14,20,68,32,143,55,231,64,164,49,101,39,250,67,36,19,49,31,80,32,80,36,20,17,1,704.02,Suffolk County,Massachusetts
1500000US250250705001,1318,277,0,12,120,89,163,89,219,115,167,97,141,105,174,85,72,73,98,100,112,115,52,50,0,12,1,705,Suffolk County,Massachusetts
1500000US250250705002,140,124,0,12,0,12,0,12,18,32,4,8,5,11,96,107,0,12,0,12,17,23,0,12,0,12,2,705,Suffolk County,Massachusetts
1500000US250250705003,1180,244,43,66,85,85,179,118,216,143,59,52,77,65,212,137,14,21,68,61,120,83,107,107,0,12,3,705,Suffolk County,Massachusetts
1500000US250250705004,633,232,0,12,8,14,99,58,139,131,88,69,56,51,44,48,0,12,39,44,34,58,126,159,0,12,4,705,Suffolk County,Massachusetts
1500000US250250706001,644,171,0,12,64,66,177,72,55,37,68,41,64,40,125,70,31,27,16,20,34,30,10,16,0,12,1,706,Suffolk County,Massachusetts
1500000US250250706002,878,145,11,16,24,22,115,44,246,103,128,66,37,31,145,57,27,25,36,28,29,28,80,67,0,12,2,706,Suffolk County,Massachusetts
1500000US250250707001,654,167,0,12,117,85,91,68,102,65,144,72,0,12,31,27,23,36,59,50,33,45,45,48,9,14,1,707,Suffolk County,Massachusetts
1500000US250250707002,849,174,0,12,38,35,176,93,137,77,55,33,120,74,77,46,33,31,75,66,76,63,35,31,27,29,2,707,Suffolk County,Massachusetts
1500000US250250708001,1216,383,49,74,61,60,57,40,330,154,38,46,38,53,208,133,84,99,47,71,111,76,170,138,23,27,1,708,Suffolk County,Massachusetts
1500000US250250708002,627,304,63,99,57,59,42,36,143,180,134,110,89,62,39,33,6,10,26,32,8,19,20,25,0,12,2,708,Suffolk County,Massachusetts
1500000US250250708003,574,185,0,12,0,12,112,104,143,105,23,28,106,85,71,58,34,34,18,29,29,36,22,37,16,26,3,708,Suffolk County,Massachusetts
1500000US250250709001,1380,213,47,51,84,43,76,52,234,89,174,73,133,70,256,113,71,51,63,53,129,80,50,37,63,64,1,709,Suffolk County,Massachusetts
1500000US250250709002,534,201,0,12,59,66,39,38,63,55,86,72,34,25,76,75,23,35,33,33,42,48,79,67,0,12,2,709,Suffolk County,Massachusetts
1500000US250250711011,923,254,16,25,113,88,49,46,148,92,138,73,30,34,164,99,23,37,51,45,132,98,7,10,52,76,1,711.01,Suffolk County,Massachusetts
1500000US250250711012,697,202,59,77,82,55,53,43,79,62,138,78,72,80,83,61,0,12,0,12,102,77,29,34,0,12,2,711.01,Suffolk County,Massachusetts
1500000US250250711013,334,133,39,60,11,17,58,55,74,54,77,43,9,15,19,25,13,21,34,52,0,12,0,12,0,12,3,711.01,Suffolk County,Massachusetts
1500000US250250712011,1059,194,12,27,52,48,153,83,182,105,91,69,150,66,162,84,31,29,78,43,91,45,39,33,18,30,1,712.01,Suffolk County,Massachusetts
1500000US250250712012,491,213,26,42,54,46,55,50,11,17,54,42,10,20,166,137,0,12,0,12,43,54,44,50,28,45,2,712.01,Suffolk County,Massachusetts
1500000US250250801001,474,122,45,27,59,40,60,39,36,35,62,34,19,21,134,74,28,25,12,19,10,12,9,16,0,12,1,801,Suffolk County,Massachusetts
1500000US250250801002,292,141,18,26,5,9,39,29,21,28,0,12,7,11,115,76,0,12,0,12,18,43,61,49,8,12,2,801,Suffolk County,Massachusetts
1500000US250250803001,1025,193,0,12,52,50,47,33,178,96,84,57,13,19,320,157,19,28,38,40,102,79,172,113,0,12,1,803,Suffolk County,Massachusetts
1500000US250250804011,559,145,0,12,35,44,45,41,97,67,106,66,17,26,85,54,0,12,11,17,82,59,40,42,41,37,1,804.01,Suffolk County,Massachusetts
1500000US250250804012,527,175,0,12,7,14,34,48,96,86,79,59,29,29,77,58,7,14,66,56,66,43,66,58,0,12,2,804.01,Suffolk County,Massachusetts
1500000US250250805001,470,192,0,12,2,4,52,57,37,53,132,89,12,20,94,74,19,29,31,25,68,69,23,34,0,12,1,805,Suffolk County,Massachusetts
1500000US250250805002,878,231,12,18,37,50,96,114,77,59,118,60,44,51,136,67,0,12,109,68,70,80,138,82,41,36,2,805,Suffolk County,Massachusetts
1500000US250250806011,1237,272,37,48,182,68,153,64,148,67,110,49,58,36,278,118,62,51,43,34,94,51,72,55,0,12,1,806.01,Suffolk County,Massachusetts
1500000US250250806012,163,77,0,12,0,12,24,31,31,27,24,25,14,18,43,36,0,12,27,28,0,12,0,12,0,12,2,806.01,Suffolk County,Massachusetts
1500000US250250806013,84,48,0,12,0,12,18,16,20,24,18,21,6,9,12,14,9,10,1,3,0,12,0,12,0,12,3,806.01,Suffolk County,Massachusetts
1500000US250250808011,874,183,82,60,204,70,127,62,74,61,114,71,11,22,120,54,16,23,24,34,42,34,27,29,33,50,1,808.01,Suffolk County,Massachusetts
1500000US250250808012,779,172,0,12,51,59,111,57,58,56,174,100,47,56,170,79,22,27,22,28,74,55,50,42,0,12,2,808.01,Suffolk County,Massachusetts
1500000US250250809001,793,194,31,44,47,48,152,78,62,44,66,59,33,31,108,63,35,33,28,30,45,32,186,130,0,12,1,809,Suffolk County,Massachusetts
1500000US250250809002,839,217,0,12,8,12,191,120,84,80,152,99,114,110,129,78,0,12,32,29,58,34,71,58,0,12,2,809,Suffolk County,Massachusetts
1500000US250250809003,412,175,0,12,32,38,61,48,35,46,68,53,60,59,22,23,20,21,45,28,24,30,45,41,0,12,3,809,Suffolk County,Massachusetts
1500000US250250810011,228,132,0,12,112,95,0,12,0,12,0,12,0,12,73,67,0,12,20,38,11,20,0,12,12,20,1,810.01,Suffolk County,Massachusetts
1500000US250250810012,993,264,11,19,125,76,60,56,100,75,68,79,41,54,241,139,35,32,91,94,147,108,74,59,0,12,2,810.01,Suffolk County,Massachusetts
1500000US250250810013,382,159,0,12,0,12,57,50,76,84,51,31,19,26,83,61,32,31,47,50,4,15,7,10,6,10,3,810.01,Suffolk County,Massachusetts
1500000US250250810014,582,166,14,23,14,22,52,49,157,86,12,14,10,16,10,15,29,39,28,44,171,108,75,60,10,16,4,810.01,Suffolk County,Massachusetts
1500000US250250811001,486,138,0,12,0,12,13,21,123,58,58,65,43,43,58,54,0,12,36,40,119,73,32,35,4,7,1,811,Suffolk County,Massachusetts
1500000US250250811002,837,192,0,12,25,44,61,51,106,67,137,79,60,58,274,123,0,12,48,61,38,34,53,44,35,39,2,811,Suffolk County,Massachusetts
1500000US250250811003,711,140,0,12,11,17,60,46,140,72,60,45,27,27,128,71,47,48,53,45,155,100,30,36,0,12,3,811,Suffolk County,Massachusetts
1500000US250250812001,634,204,0,12,18,27,77,55,68,50,73,68,12,19,184,75,0,12,39,35,77,67,47,48,39,25,1,812,Suffolk County,Massachusetts
1500000US250250812002,766,210,0,12,11,17,10,16,150,84,214,95,75,51,132,73,72,37,60,47,19,29,23,23,0,12,2,812,Suffolk County,Massachusetts
1500000US250250813001,494,295,0,12,50,87,0,12,81,102,97,95,0,12,79,122,0,12,81,92,53,67,53,76,0,12,1,813,Suffolk County,Massachusetts
1500000US250250813002,676,437,0,12,0,12,0,12,72,117,7,17,17,31,93,94,19,36,129,128,278,206,0,12,61,102,2,813,Suffolk County,Massachusetts
1500000US250250813003,761,319,0,12,19,30,60,98,101,110,196,94,56,67,201,198,43,53,25,32,15,51,22,27,23,37,3,813,Suffolk County,Massachusetts
1500000US250250814001,422,130,0,12,36,36,42,51,9,14,66,46,24,33,95,49,43,52,25,39,67,46,15,22,0,12,1,814,Suffolk County,Massachusetts
1500000US250250814002,392,162,0,12,0,12,31,29,76,71,131,113,33,52,54,36,8,13,0,12,33,28,26,24,0,12,2,814,Suffolk County,Massachusetts
1500000US250250814003,888,202,10,16,22,25,48,37,133,81,111,67,58,64,312,98,0,12,49,39,67,36,68,47,10,15,3,814,Suffolk County,Massachusetts
1500000US250250815001,532,204,0,12,20,19,32,30,101,66,80,42,10,12,158,127,33,24,16,18,53,34,29,23,0,12,1,815,Suffolk County,Massachusetts
1500000US250250815002,664,171,0,12,21,27,40,36,96,45,43,32,23,22,151,82,37,25,29,32,92,62,58,52,74,75,2,815,Suffolk County,Massachusetts
1500000US250250817001,168,99,0,12,31,34,19,34,29,36,7,16,0,12,82,45,0,12,0,12,0,12,0,12,0,12,1,817,Suffolk County,Massachusetts
1500000US250250817002,352,132,0,12,0,12,12,18,0,12,82,67,10,18,161,96,0,12,0,12,34,39,53,46,0,12,2,817,Suffolk County,Massachusetts
1500000US250250817003,291,124,0,12,53,52,32,39,57,57,13,21,13,21,80,57,0,12,0,12,0,12,43,50,0,12,3,817,Suffolk County,Massachusetts
1500000US250250817004,404,198,0,12,0,12,0,12,97,100,14,22,38,45,74,84,12,19,11,18,30,33,111,74,17,28,4,817,Suffolk County,Massachusetts
1500000US250250817005,339,129,0,12,0,12,55,54,24,28,70,64,21,31,142,85,14,23,0,12,13,19,0,12,0,12,5,817,Suffolk County,Massachusetts
1500000US250250818001,453,176,0,12,0,12,19,20,29,47,77,55,31,50,154,86,16,25,37,32,36,46,38,43,16,24,1,818,Suffolk County,Massachusetts
1500000US250250818002,419,143,0,12,11,17,42,46,76,67,43,36,0,12,114,80,0,12,0,12,70,48,38,50,25,29,2,818,Suffolk County,Massachusetts
1500000US250250818003,453,210,47,54,13,20,0,12,35,39,79,70,0,12,97,123,0,12,0,12,74,62,108,128,0,12,3,818,Suffolk County,Massachusetts
1500000US250250819001,759,308,0,12,35,53,41,41,0,12,127,105,15,24,204,153,0,12,50,76,198,123,89,105,0,12,1,819,Suffolk County,Massachusetts
1500000US250250819002,317,173,0,12,65,73,0,12,19,29,90,96,33,36,0,12,0,12,47,59,39,43,13,20,11,17,2,819,Suffolk County,Massachusetts
1500000US250250819003,156,134,0,12,0,12,0,12,0,12,32,34,7,16,97,98,0,12,0,12,20,22,0,12,0,12,3,819,Suffolk County,Massachusetts
1500000US250250819004,489,245,0,12,18,22,38,58,12,19,21,32,6,13,169,156,15,23,86,74,71,61,53,59,0,12,4,819,Suffolk County,Massachusetts
1500000US250250820001,762,230,0,12,10,16,41,49,35,41,95,83,15,26,88,81,19,36,96,80,144,85,219,114,0,12,1,820,Suffolk County,Massachusetts
1500000US250250820002,310,173,0,12,0,12,0,12,36,43,14,21,0,12,155,144,0,12,55,49,50,47,0,12,0,12,2,820,Suffolk County,Massachusetts
1500000US250250820003,372,139,0,12,0,12,32,49,83,82,0,12,0,12,63,71,50,49,0,12,144,83,0,12,0,12,3,820,Suffolk County,Massachusetts
1500000US250250821001,312,185,0,12,0,12,0,12,59,95,2,5,0,12,147,122,16,27,2,4,55,90,31,51,0,12,1,821,Suffolk County,Massachusetts
1500000US250250821002,989,307,0,12,52,77,31,53,256,187,104,121,0,12,239,200,0,12,44,76,85,91,38,58,140,119,2,821,Suffolk County,Massachusetts
1500000US250250821003,1209,438,0,12,119,120,283,185,136,126,25,40,0,12,198,124,94,108,43,51,237,192,47,80,27,44,3,821,Suffolk County,Massachusetts
1500000US250250901001,429,183,0,12,9,13,74,64,81,67,60,52,0,12,122,87,0,12,16,19,16,29,23,36,28,44,1,901,Suffolk County,Massachusetts
1500000US250250901002,400,171,20,32,23,26,83,66,35,40,31,36,11,19,93,78,30,23,41,42,0,12,24,39,9,15,2,901,Suffolk County,Massachusetts
1500000US250250901003,385,139,18,29,0,12,43,40,24,30,55,72,11,18,128,83,0,12,12,17,42,40,52,56,0,12,3,901,Suffolk County,Massachusetts
1500000US250250901004,565,225,30,46,61,58,41,50,125,93,98,97,36,43,101,67,0,12,14,22,0,12,50,81,9,15,4,901,Suffolk County,Massachusetts
1500000US250250901005,394,163,0,12,15,26,10,19,24,26,37,46,39,46,161,91,15,25,7,13,36,55,50,45,0,12,5,901,Suffolk County,Massachusetts
1500000US250250902001,158,60,2,6,16,25,7,12,12,12,0,12,0,12,72,58,0,12,11,12,19,23,19,21,0,12,1,902,Suffolk County,Massachusetts
1500000US250250902002,185,86,0,12,12,20,0,12,0,12,39,46,27,20,53,51,0,12,0,12,20,17,34,34,0,12,2,902,Suffolk County,Massachusetts
1500000US250250902003,451,131,22,30,0,12,52,39,22,29,28,32,15,17,126,73,34,47,12,18,63,43,28,28,49,71,3,902,Suffolk County,Massachusetts
1500000US250250903001,387,180,0,12,0,12,0,12,12,18,25,42,0,12,83,70,0,12,22,35,108,97,91,97,46,42,1,903,Suffolk County,Massachusetts
1500000US250250903002,473,210,0,12,10,19,0,12,17,31,39,43,0,12,172,103,18,27,12,17,42,42,116,101,47,55,2,903,Suffolk County,Massachusetts
1500000US250250903003,280,133,0,12,0,12,0,12,95,72,32,37,0,12,91,64,11,19,0,12,25,41,26,36,0,12,3,903,Suffolk County,Massachusetts
1500000US250250904001,525,262,0,12,47,59,0,12,42,45,18,20,0,12,142,114,51,55,0,12,110,78,93,93,22,22,1,904,Suffolk County,Massachusetts
1500000US250250904002,966,458,24,39,39,48,0,12,96,96,142,143,0,12,352,271,0,12,109,157,73,81,106,105,25,44,2,904,Suffolk County,Massachusetts
1500000US250250904003,298,126,0,12,0,12,50,59,33,32,29,49,0,12,24,37,0,12,28,46,39,46,70,81,25,39,3,904,Suffolk County,Massachusetts
1500000US250250904004,426,208,30,47,24,40,26,42,117,147,83,79,26,41,36,37,0,12,26,33,0,12,58,39,0,12,4,904,Suffolk County,Massachusetts
1500000US250250906001,546,156,9,14,27,34,24,56,77,50,34,29,27,30,174,71,5,8,28,28,33,27,72,43,36,40,1,906,Suffolk County,Massachusetts
1500000US250250906002,765,166,18,21,26,22,25,22,86,55,97,57,26,27,157,68,0,12,23,28,106,70,174,70,27,32,2,906,Suffolk County,Massachusetts
1500000US250250907001,702,229,0,12,0,12,39,38,85,71,149,115,95,68,133,96,20,22,41,46,56,48,63,51,21,33,1,907,Suffolk County,Massachusetts
1500000US250250907002,696,205,0,12,36,44,9,15,72,50,103,60,100,73,168,99,40,38,36,33,83,70,49,75,0,12,2,907,Suffolk County,Massachusetts
1500000US250250907003,476,148,0,12,0,12,55,48,46,42,24,28,14,23,182,83,0,12,64,58,79,53,12,19,0,12,3,907,Suffolk County,Massachusetts
1500000US250250907004,321,137,23,35,23,37,50,42,15,22,56,42,0,12,70,40,0,12,9,15,35,34,32,38,8,15,4,907,Suffolk County,Massachusetts
1500000US250250909011,683,202,0,12,22,23,75,53,49,42,76,68,0,12,152,71,31,48,41,38,88,58,94,73,55,66,1,909.01,Suffolk County,Massachusetts
1500000US250250909012,875,218,56,91,16,20,139,67,120,93,50,42,11,21,209,62,53,46,49,34,120,55,40,31,12,19,2,909.01,Suffolk County,Massachusetts
1500000US250250910011,570,216,0,12,18,17,15,27,80,78,63,60,10,22,170,76,15,24,6,10,148,107,42,53,3,7,1,910.01,Suffolk County,Massachusetts
1500000US250250910012,366,201,0,12,0,12,11,17,9,14,10,17,11,18,202,147,9,16,52,66,50,50,12,14,0,12,2,910.01,Suffolk County,Massachusetts
1500000US250250910013,351,134,6,41,28,44,31,39,52,52,16,26,0,12,82,59,31,27,61,47,29,33,15,19,0,12,3,910.01,Suffolk County,Massachusetts
1500000US250250910014,467,166,0,12,31,39,57,41,21,18,69,49,19,31,188,144,0,12,16,25,39,34,27,31,0,12,4,910.01,Suffolk County,Massachusetts
1500000US250250911001,1073,280,0,12,0,12,67,39,74,46,286,115,24,27,248,109,58,44,17,19,200,107,90,54,9,15,1,911,Suffolk County,Massachusetts
1500000US250250911002,629,181,0,12,0,12,88,59,58,41,106,79,41,53,222,116,0,12,38,29,37,58,39,38,0,12,2,911,Suffolk County,Massachusetts
1500000US250250911003,361,181,0,12,27,42,31,34,0,12,11,16,62,70,74,42,16,25,95,85,38,35,7,12,0,12,3,911,Suffolk County,Massachusetts
1500000US250250911004,555,165,76,86,19,21,48,42,22,24,88,71,0,12,163,71,32,40,11,17,0,12,96,64,0,12,4,911,Suffolk County,Massachusetts
1500000US250250911005,355,159,0,12,0,12,43,41,58,41,34,31,0,12,147,101,16,26,8,14,36,42,13,15,0,12,5,911,Suffolk County,Massachusetts
1500000US250250912001,738,297,0,12,69,43,49,47,86,111,129,98,32,28,244,156,44,34,19,23,53,54,7,13,6,12,1,912,Suffolk County,Massachusetts
1500000US250250912002,789,238,0,12,49,56,50,49,47,41,70,51,40,56,284,149,12,18,49,46,75,60,102,68,11,18,2,912,Suffolk County,Massachusetts
1500000US250250912003,245,117,0,12,0,12,0,12,71,60,22,24,45,41,26,39,11,17,11,16,47,60,12,18,0,12,3,912,Suffolk County,Massachusetts
1500000US250250913001,666,168,4,9,27,22,42,38,67,41,91,48,17,16,177,81,13,21,47,40,68,45,97,55,16,16,1,913,Suffolk County,Massachusetts
1500000US250250913002,645,241,0,12,23,36,54,41,52,47,73,74,29,28,91,51,0,12,87,58,158,93,78,60,0,12,2,913,Suffolk County,Massachusetts
1500000US250250914001,949,175,5,8,48,48,31,20,184,60,143,52,0,12,255,102,34,32,11,17,136,100,92,59,10,14,1,914,Suffolk County,Massachusetts
1500000US250250914002,545,193,10,16,16,16,10,11,101,80,53,33,20,20,176,121,0,12,59,42,35,26,57,67,8,10,2,914,Suffolk County,Massachusetts
1500000US250250915001,1038,301,0,12,100,74,43,43,51,55,112,70,55,47,348,156,0,12,73,53,116,61,123,77,17,19,1,915,Suffolk County,Massachusetts
1500000US250250915002,801,208,0,12,40,36,61,54,53,42,81,54,16,21,111,80,27,43,15,26,249,114,114,74,34,53,2,915,Suffolk County,Massachusetts
1500000US250250915003,468,226,0,12,10,15,54,58,161,118,88,68,10,14,71,89,11,17,12,15,24,30,27,30,0,12,3,915,Suffolk County,Massachusetts
1500000US250250916001,952,238,0,12,31,40,34,45,114,104,160,133,42,41,193,141,79,58,115,96,138,99,34,41,12,20,1,916,Suffolk County,Massachusetts
1500000US250250916002,512,168,0,12,0,12,5,10,25,38,107,75,7,12,168,134,0,12,0,12,81,67,119,78,0,12,2,916,Suffolk County,Massachusetts
1500000US250250916003,186,115,0,12,0,12,0,12,0,12,29,36,0,12,17,29,0,12,26,36,98,100,16,27,0,12,3,916,Suffolk County,Massachusetts
1500000US250250917001,800,209,0,12,11,17,105,76,143,123,148,63,54,41,90,57,0,12,19,20,109,58,121,74,0,12,1,917,Suffolk County,Massachusetts
1500000US250250917002,420,134,0,12,0,12,30,33,65,45,50,56,40,34,31,29,0,12,19,15,75,46,89,60,21,25,2,917,Suffolk County,Massachusetts
1500000US250250917003,361,141,11,18,12,18,18,28,41,38,47,38,15,16,63,62,7,10,74,55,45,38,28,33,0,12,3,917,Suffolk County,Massachusetts
1500000US250250918001,753,275,0,12,21,35,60,60,58,50,24,30,7,12,386,274,0,12,29,35,92,93,76,72,0,12,1,918,Suffolk County,Massachusetts
1500000US250250918002,496,219,10,19,15,27,56,91,20,31,23,39,7,17,149,89,0,12,8,13,58,66,133,126,17,27,2,918,Suffolk County,Massachusetts
1500000US250250918003,353,180,0,12,27,41,102,77,3,39,78,64,0,12,91,79,0,12,0,12,39,43,13,27,0,12,3,918,Suffolk County,Massachusetts
1500000US250250919001,309,172,0,12,0,12,23,37,16,27,44,69,0,12,69,62,15,21,13,24,40,38,83,59,6,9,1,919,Suffolk County,Massachusetts
1500000US250250919002,546,135,14,23,0,12,33,40,10,16,115,77,0,12,153,118,13,22,47,36,91,78,59,51,11,18,2,919,Suffolk County,Massachusetts
1500000US250250919003,749,192,14,21,69,59,82,71,25,36,101,69,29,38,129,86,44,47,66,78,23,26,120,84,47,42,3,919,Suffolk County,Massachusetts
1500000US250250919004,282,101,1,4,16,19,0,12,26,22,23,30,0,12,95,72,0,12,11,18,44,33,66,44,0,12,4,919,Suffolk County,Massachusetts
1500000US250250920001,868,226,0,12,56,64,27,29,137,96,85,51,37,33,133,85,28,31,84,58,188,139,74,63,19,32,1,920,Suffolk County,Massachusetts
1500000US250250920002,1056,310,0,12,0,12,78,69,110,105,102,72,55,50,384,128,26,28,157,131,89,77,54,57,1,5,2,920,Suffolk County,Massachusetts
1500000US250250920003,347,146,24,36,23,37,35,42,6,13,86,70,0,12,91,62,0,12,0,12,11,20,71,52,0,12,3,920,Suffolk County,Massachusetts
1500000US250250920004,487,134,31,33,47,53,14,15,41,44,126,97,34,43,53,42,11,17,46,49,26,30,43,44,15,25,4,920,Suffolk County,Massachusetts
1500000US250250921011,521,351,0,12,45,75,16,28,33,43,122,140,23,26,140,134,38,35,0,12,50,53,38,59,16,28,1,921.01,Suffolk County,Massachusetts
1500000US250250921012,544,249,18,34,0,12,0,12,73,75,50,55,59,66,76,83,50,90,158,178,32,39,28,33,0,12,2,921.01,Suffolk County,Massachusetts
1500000US250250921013,517,232,0,12,27,42,65,72,28,31,20,35,33,44,97,119,30,51,0,12,44,64,94,101,79,67,3,921.01,Suffolk County,Massachusetts
1500000US250250921014,907,427,0,12,58,69,245,261,72,68,75,72,42,68,284,258,0,12,13,20,44,52,74,100,0,12,4,921.01,Suffolk County,Massachusetts
1500000US250250921015,1567,510,19,31,37,59,37,51,186,123,270,164,100,98,486,212,60,79,127,123,164,149,72,71,9,15,5,921.01,Suffolk County,Massachusetts
1500000US250250922001,447,187,0,12,30,36,4,9,44,46,37,38,33,31,148,75,0,12,65,52,39,44,47,49,0,12,1,922,Suffolk County,Massachusetts
1500000US250250922002,544,249,0,12,0,12,41,46,58,49,0,12,104,87,70,59,4,9,44,45,190,98,26,25,7,12,2,922,Suffolk County,Massachusetts
1500000US250250922003,581,152,13,25,0,12,9,15,11,18,59,47,26,26,90,67,12,21,113,70,51,33,149,93,48,52,3,922,Suffolk County,Massachusetts
1500000US250250922004,218,117,0,12,0,12,0,12,53,56,8,15,21,22,38,36,0,12,13,21,50,60,20,23,15,24,4,922,Suffolk County,Massachusetts
1500000US250250923001,469,175,28,45,22,23,0,12,43,57,47,46,27,42,73,62,13,19,66,65,44,33,68,30,38,37,1,923,Suffolk County,Massachusetts
1500000US250250923002,329,119,0,12,33,32,0,12,33,51,62,50,14,22,42,40,0,12,7,12,28,26,69,45,41,38,2,923,Suffolk County,Massachusetts
1500000US250250923003,581,156,9,14,24,27,9,14,7,11,99,53,22,25,196,94,0,12,32,24,42,33,84,60,57,53,3,923,Suffolk County,Massachusetts
1500000US250250923004,196,66,0,12,0,12,20,18,6,9,56,40,18,26,41,30,0,12,0,12,30,26,25,22,0,12,4,923,Suffolk County,Massachusetts
1500000US250250924001,329,136,86,113,0,12,0,12,0,12,29,47,0,12,33,55,0,12,0,12,34,65,79,79,68,70,1,924,Suffolk County,Massachusetts
1500000US250250924002,309,191,0,12,0,12,0,12,47,59,69,110,60,96,22,40,0,12,0,12,34,50,14,23,63,107,2,924,Suffolk County,Massachusetts
1500000US250250924003,1173,432,0,12,0,12,0,12,101,87,119,137,16,27,336,257,61,53,30,55,165,132,312,235,33,55,3,924,Suffolk County,Massachusetts
1500000US250250924004,534,212,0,12,0,12,70,79,0,12,72,76,85,89,118,98,0,12,93,99,37,51,59,60,0,12,4,924,Suffolk County,Massachusetts
1500000US250250924005,217,175,0,12,0,12,0,12,0,12,82,97,34,56,101,124,0,12,0,12,0,12,0,12,0,12,5,924,Suffolk County,Massachusetts
1500000US250251001001,192,117,0,12,0,12,13,21,0,12,0,12,18,32,39,46,0,12,52,77,28,41,42,42,0,12,1,1001,Suffolk County,Massachusetts
1500000US250251001002,573,277,0,12,0,12,0,12,116,87,23,28,42,50,139,137,56,51,0,12,37,57,150,95,10,18,2,1001,Suffolk County,Massachusetts
1500000US250251001003,569,261,0,12,27,40,55,61,33,53,20,31,31,49,192,134,0,12,26,38,17,25,107,84,61,57,3,1001,Suffolk County,Massachusetts
1500000US250251001004,495,282,0,12,0,12,26,43,28,36,34,44,0,12,23,35,8,15,125,122,49,50,112,106,90,123,4,1001,Suffolk County,Massachusetts
1500000US250251001005,194,160,0,12,0,12,0,12,0,12,0,12,5,8,82,114,0,12,30,38,34,51,19,31,24,38,5,1001,Suffolk County,Massachusetts
1500000US250251001006,386,140,0,12,37,44,23,36,77,63,84,82,0,12,27,33,17,20,0,12,31,46,60,71,30,44,6,1001,Suffolk County,Massachusetts
1500000US250251001007,424,243,0,12,0,12,107,134,69,63,42,51,11,17,51,56,0,12,0,12,74,66,59,65,11,19,7,1001,Suffolk County,Massachusetts
1500000US250251002001,529,140,0,12,41,37,31,27,119,53,75,54,24,27,51,49,0,12,27,22,26,26,78,48,57,34,1,1002,Suffolk County,Massachusetts
1500000US250251002002,295,148,0,12,7,11,16,25,11,16,13,20,0,12,80,74,16,26,6,9,19,30,61,56,66,43,2,1002,Suffolk County,Massachusetts
1500000US250251002003,569,161,0,12,15,16,38,52,27,28,43,38,30,34,121,77,32,29,19,22,17,22,190,92,37,32,3,1002,Suffolk County,Massachusetts
1500000US250251003001,721,221,0,12,38,59,6,13,119,97,85,74,11,22,72,78,62,93,53,54,169,94,85,72,21,35,1,1003,Suffolk County,Massachusetts
1500000US250251003002,336,174,0,12,0,12,19,30,18,24,73,51,0,12,69,62,59,82,0,12,26,24,44,49,28,37,2,1003,Suffolk County,Massachusetts
1500000US250251003003,517,206,47,69,18,27,35,41,46,40,60,43,65,50,49,59,11,19,0,12,87,91,99,66,0,12,3,1003,Suffolk County,Massachusetts
1500000US250251003004,499,327,0,12,24,39,25,38,6,16,67,75,14,23,33,40,0,12,16,27,67,64,111,97,136,197,4,1003,Suffolk County,Massachusetts
1500000US250251004001,880,321,0,12,48,57,41,64,80,80,156,123,56,57,145,122,48,46,6,10,86,67,214,143,0,12,1,1004,Suffolk County,Massachusetts
1500000US250251004002,581,305,0,12,20,30,46,38,47,57,110,83,27,40,125,104,20,40,115,117,16,19,32,39,23,29,2,1004,Suffolk County,Massachusetts
1500000US250251004003,605,293,0,12,31,47,16,24,104,151,80,84,104,90,68,94,0,12,13,21,35,36,81,62,73,66,3,1004,Suffolk County,Massachusetts
1500000US250251004004,774,280,26,41,14,23,59,65,40,46,69,74,41,49,102,76,30,48,6,11,141,114,160,100,86,89,4,1004,Suffolk County,Massachusetts
1500000US250251005001,428,202,0,12,0,12,47,58,122,115,41,55,43,52,23,37,0,12,67,54,25,37,46,79,14,30,1,1005,Suffolk County,Massachusetts
1500000US250251005002,553,187,0,12,0,12,46,46,0,12,13,21,18,34,60,48,41,41,37,44,78,81,241,145,19,33,2,1005,Suffolk County,Massachusetts
1500000US250251005003,637,319,0,12,0,12,19,32,0,12,0,12,60,68,140,100,78,68,111,158,22,35,190,128,17,28,3,1005,Suffolk County,Massachusetts
1500000US250251005004,483,313,16,26,36,41,0,12,25,45,0,12,0,12,88,114,0,12,0,12,125,102,193,179,0,12,4,1005,Suffolk County,Massachusetts
1500000US250251005005,917,390,0,12,0,12,57,81,110,119,155,138,94,133,133,147,0,12,30,48,148,160,190,109,0,12,5,1005,Suffolk County,Massachusetts
1500000US250251006011,539,212,16,25,0,12,24,45,0,12,51,49,38,50,170,120,27,32,33,58,97,55,79,63,4,20,1,1006.01,Suffolk County,Massachusetts
1500000US250251006012,569,208,0,12,31,32,10,17,0,12,107,97,0,12,169,84,4,59,141,114,51,57,56,71,0,12,2,1006.01,Suffolk County,Massachusetts
1500000US250251006013,1109,367,0,12,71,81,0,12,23,41,423,179,40,45,221,144,0,12,79,89,116,130,136,123,0,12,3,1006.01,Suffolk County,Massachusetts
1500000US250251006014,1446,352,60,94,67,82,25,41,94,92,132,140,19,37,385,211,19,28,43,67,224,114,229,115,149,117,4,1006.01,Suffolk County,Massachusetts
1500000US250251006031,1053,146,18,20,75,47,119,76,48,32,130,74,72,40,247,103,88,55,45,30,118,55,78,51,15,13,1,1006.03,Suffolk County,Massachusetts
1500000US250251006032,315,113,5,8,0,12,0,12,18,20,125,82,9,11,30,26,14,15,63,52,36,28,15,16,0,12,2,1006.03,Suffolk County,Massachusetts
1500000US250251007001,538,121,0,12,24,29,27,37,100,57,80,63,11,18,51,36,15,23,40,46,149,66,41,39,0,12,1,1007,Suffolk County,Massachusetts
1500000US250251007002,474,168,0,12,87,74,59,38,79,69,63,54,19,22,51,41,0,12,24,28,74,74,18,28,0,12,2,1007,Suffolk County,Massachusetts
1500000US250251007003,463,136,0,12,16,31,0,12,16,24,86,82,22,33,94,57,15,27,70,59,106,54,38,39,0,12,3,1007,Suffolk County,Massachusetts
1500000US250251007004,332,120,0,12,9,14,11,16,78,43,52,48,12,19,20,25,0,12,22,18,87,59,41,41,0,12,4,1007,Suffolk County,Massachusetts
1500000US250251007005,455,173,0,12,36,55,25,27,50,35,56,44,34,26,71,56,31,33,42,39,63,59,40,38,7,10,5,1007,Suffolk County,Massachusetts
1500000US250251008001,391,201,0,12,0,12,0,12,0,12,32,30,62,69,75,69,69,92,58,54,50,51,45,46,0,12,1,1008,Suffolk County,Massachusetts
1500000US250251008002,624,232,0,12,0,12,26,38,113,129,25,41,35,26,120,100,25,31,52,50,68,74,160,89,0,12,2,1008,Suffolk County,Massachusetts
1500000US250251008003,652,331,0,12,15,23,0,12,71,77,36,58,0,12,131,119,11,20,29,35,118,89,193,143,48,42,3,1008,Suffolk County,Massachusetts
1500000US250251008004,911,392,0,12,43,69,46,75,121,90,70,92,17,27,157,137,48,54,0,12,164,102,217,222,28,32,4,1008,Suffolk County,Massachusetts
1500000US250251008005,627,244,9,16,6,10,19,28,88,106,86,115,30,35,84,95,49,76,66,64,79,95,60,51,51,63,5,1008,Suffolk County,Massachusetts
1500000US250251008006,438,211,0,12,0,12,41,80,43,50,16,31,19,29,65,52,69,71,36,64,117,93,17,32,15,24,6,1008,Suffolk County,Massachusetts
1500000US250251009001,429,146,0,12,0,12,27,28,30,34,45,53,76,71,15,21,57,68,20,23,29,26,119,63,11,16,1,1009,Suffolk County,Massachusetts
1500000US250251009002,411,169,0,12,10,16,31,50,36,44,50,56,38,48,8,12,13,22,76,74,98,81,28,26,23,27,2,1009,Suffolk County,Massachusetts
1500000US250251009003,660,172,0,12,18,21,17,22,5,10,93,56,76,55,113,92,49,42,10,15,200,87,79,55,0,12,3,1009,Suffolk County,Massachusetts
1500000US250251009004,336,215,0,12,0,12,0,12,42,44,79,95,20,30,50,50,19,28,38,52,34,41,54,48,0,12,4,1009,Suffolk County,Massachusetts
1500000US250251009005,471,161,0,12,11,17,0,12,50,48,110,59,0,12,79,62,0,12,73,84,73,60,75,46,0,12,5,1009,Suffolk County,Massachusetts
1500000US250251010011,529,332,0,12,27,45,0,12,32,51,23,35,0,12,146,175,41,72,69,103,1,24,172,203,18,29,1,1010.01,Suffolk County,Massachusetts
1500000US250251010012,158,104,0,12,0,12,20,32,0,12,20,33,0,12,76,88,0,12,22,35,0,12,20,45,0,12,2,1010.01,Suffolk County,Massachusetts
1500000US250251010013,493,227,0,12,0,12,32,50,0,12,146,129,0,12,0,12,23,38,0,12,0,12,226,171,66,89,3,1010.01,Suffolk County,Massachusetts
1500000US250251010014,586,352,0,12,0,12,0,12,18,29,119,112,72,87,38,59,0,12,66,79,138,149,58,84,77,125,4,1010.01,Suffolk County,Massachusetts
1500000US250251010015,296,179,0,12,0,12,0,12,43,48,91,101,0,12,0,12,73,119,0,12,55,63,34,43,0,12,5,1010.01,Suffolk County,Massachusetts
1500000US250251010016,871,603,14,33,53,86,12,21,0,12,137,133,67,89,143,136,0,12,28,51,169,145,172,145,76,131,6,1010.01,Suffolk County,Massachusetts
1500000US250251010021,435,150,0,12,86,83,13,23,0,12,49,58,59,96,52,61,0,12,0,12,54,63,122,99,0,12,1,1010.02,Suffolk County,Massachusetts
1500000US250251010022,1066,355,0,12,7,35,67,80,167,123,53,64,126,93,108,112,51,72,165,118,91,94,165,114,66,65,2,1010.02,Suffolk County,Massachusetts
1500000US250251010023,1667,408,0,12,14,27,140,120,94,83,185,108,116,133,154,147,119,116,145,129,180,129,359,237,161,116,3,1010.02,Suffolk County,Massachusetts
1500000US250251011011,323,165,0,12,0,12,0,12,0,12,26,40,0,12,85,63,0,12,7,12,123,81,82,71,0,12,1,1011.01,Suffolk County,Massachusetts
1500000US250251011012,609,234,0,12,0,12,47,50,39,48,15,20,28,43,293,190,30,46,9,16,56,63,92,57,0,12,2,1011.01,Suffolk County,Massachusetts
1500000US250251011013,563,149,20,30,11,18,55,54,35,38,20,29,2,15,173,108,0,12,20,32,57,56,151,87,19,28,3,1011.01,Suffolk County,Massachusetts
1500000US250251011021,429,182,11,20,7,12,33,48,52,47,41,47,0,12,126,90,0,12,24,27,58,43,56,35,21,33,1,1011.02,Suffolk County,Massachusetts
1500000US250251011022,797,311,0,12,0,12,9,15,34,52,152,102,19,30,254,161,0,12,32,39,149,89,148,112,0,12,2,1011.02,Suffolk County,Massachusetts
1500000US250251011023,438,166,0,12,31,34,0,12,66,82,20,24,70,62,90,71,0,12,0,12,0,12,133,109,28,31,3,1011.02,Suffolk County,Massachusetts
1500000US250251011024,706,292,0,12,13,20,0,12,25,40,70,55,63,70,76,61,25,41,26,42,61,57,216,174,131,75,4,1011.02,Suffolk County,Massachusetts
1500000US250251101031,674,328,0,12,10,17,178,131,79,82,15,26,11,21,185,177,10,19,16,26,45,55,125,92,0,12,1,1101.03,Suffolk County,Massachusetts
1500000US250251101032,268,223,0,12,0,12,17,46,16,26,31,53,100,102,94,111,0,12,0,12,0,12,10,19,0,12,2,1101.03,Suffolk County,Massachusetts
1500000US250251101033,215,135,0,12,44,75,0,12,27,43,0,12,39,65,66,91,0,12,0,12,0,12,39,51,0,12,3,1101.03,Suffolk County,Massachusetts
1500000US250251101034,312,215,0,12,0,12,0,12,16,27,16,29,0,12,29,32,28,35,0,12,57,73,154,219,12,20,4,1101.03,Suffolk County,Massachusetts
1500000US250251101035,1080,409,0,12,0,12,110,117,79,72,112,112,47,52,189,164,110,72,12,21,270,149,104,83,47,48,5,1101.03,Suffolk County,Massachusetts
1500000US250251101036,337,124,0,12,12,25,19,32,41,39,9,16,0,12,59,56,12,21,0,12,84,84,87,107,14,25,6,1101.03,Suffolk County,Massachusetts
1500000US250251101037,687,381,11,21,0,12,210,248,98,68,32,45,82,116,173,165,0,12,0,12,81,88,0,12,0,12,7,1101.03,Suffolk County,Massachusetts
1500000US250251102011,1145,144,6,10,21,30,105,62,63,30,132,67,22,26,303,100,39,35,95,59,140,52,179,81,40,44,1,1102.01,Suffolk County,Massachusetts
1500000US250251103011,744,165,15,16,32,37,57,63,129,59,76,48,15,16,101,81,16,16,53,33,167,66,83,48,0,12,1,1103.01,Suffolk County,Massachusetts
1500000US250251103012,759,132,0,12,10,12,0,12,107,61,13,15,69,53,89,49,35,24,71,35,250,99,105,44,10,18,2,1103.01,Suffolk County,Massachusetts
1500000US250251104011,900,178,0,12,10,17,16,25,57,50,108,61,78,52,276,102,29,30,38,33,93,46,140,87,55,71,1,1104.01,Suffolk County,Massachusetts
1500000US250251104012,979,198,0,12,48,52,13,16,79,53,157,109,188,120,195,77,34,32,22,20,143,65,90,68,10,16,2,1104.01,Suffolk County,Massachusetts
1500000US250251104031,518,183,0,12,11,17,73,86,0,12,53,72,29,36,16,19,8,15,90,78,174,155,64,57,0,12,1,1104.03,Suffolk County,Massachusetts
1500000US250251104032,648,276,0,12,0,12,30,34,47,59,88,70,22,33,179,140,41,50,59,64,149,85,33,28,0,12,2,1104.03,Suffolk County,Massachusetts
1500000US250251104033,226,114,0,12,0,12,0,12,6,10,48,47,0,12,62,64,8,13,18,28,15,24,39,46,30,45,3,1104.03,Suffolk County,Massachusetts
1500000US250251104034,621,176,0,12,5,9,43,59,63,41,51,43,0,12,60,42,81,66,80,60,118,68,85,52,35,36,4,1104.03,Suffolk County,Massachusetts
1500000US250251104035,609,176,0,12,13,18,44,43,79,59,45,54,0,12,62,48,48,49,88,67,82,55,128,80,20,29,5,1104.03,Suffolk County,Massachusetts
1500000US250251105011,558,140,0,12,19,21,23,26,42,49,36,41,58,53,156,124,6,11,56,41,113,56,40,39,9,17,1,1105.01,Suffolk County,Massachusetts
1500000US250251105012,912,171,0,12,22,30,63,47,43,34,114,58,58,43,172,93,85,66,45,36,196,103,92,47,22,30,2,1105.01,Suffolk County,Massachusetts
1500000US250251105013,653,164,31,47,13,20,87,72,48,40,72,44,57,43,161,84,52,39,31,30,64,48,17,27,20,22,3,1105.01,Suffolk County,Massachusetts
1500000US250251105021,1199,281,64,78,34,42,62,64,151,91,242,117,125,107,211,136,31,28,47,38,134,84,98,74,0,12,1,1105.02,Suffolk County,Massachusetts
1500000US250251105022,1190,320,19,30,71,62,49,47,90,55,146,100,19,22,268,114,27,27,51,31,202,91,170,87,78,86,2,1105.02,Suffolk County,Massachusetts
1500000US250251105023,448,311,0,12,11,17,0,12,64,59,89,82,4,11,25,25,18,22,38,45,101,95,98,136,0,12,3,1105.02,Suffolk County,Massachusetts
1500000US250251106011,712,129,11,18,14,25,72,54,41,35,38,30,37,33,128,62,39,32,70,50,163,64,68,42,31,37,1,1106.01,Suffolk County,Massachusetts
1500000US250251106012,589,139,0,12,27,29,28,30,99,68,35,46,0,12,173,130,25,25,11,17,111,55,71,40,9,15,2,1106.01,Suffolk County,Massachusetts
1500000US250251106071,630,176,0,12,0,12,0,12,0,12,32,39,0,12,204,105,0,12,100,62,148,82,146,91,0,12,1,1106.07,Suffolk County,Massachusetts
1500000US250251106072,950,274,0,12,0,12,33,38,138,147,109,85,139,81,124,91,66,59,142,135,110,79,57,56,32,37,2,1106.07,Suffolk County,Massachusetts
1500000US250251106073,1149,299,0,12,35,41,121,92,110,106,78,59,0,12,259,130,121,111,55,52,149,92,221,130,0,12,3,1106.07,Suffolk County,Massachusetts
1500000US250251106074,392,132,0,12,14,25,0,12,36,40,20,31,36,54,30,36,68,71,16,25,125,127,47,47,0,12,4,1106.07,Suffolk County,Massachusetts
1500000US250251201031,1011,120,19,19,90,77,18,16,100,42,212,70,46,27,185,76,64,34,60,33,160,55,57,34,0,12,1,1201.03,Suffolk County,Massachusetts
1500000US250251201041,399,101,0,12,0,12,10,15,27,27,18,20,75,54,123,68,24,29,38,45,84,55,0,12,0,12,1,1201.04,Suffolk County,Massachusetts
1500000US250251201042,403,132,0,12,0,12,39,35,50,44,41,41,24,25,10,15,28,42,24,34,73,47,114,77,0,12,2,1201.04,Suffolk County,Massachusetts
1500000US250251201043,589,143,0,12,14,17,0,12,39,32,118,65,35,31,112,69,54,40,85,63,106,55,11,14,15,20,3,1201.04,Suffolk County,Massachusetts
1500000US250251201051,465,271,14,29,59,60,53,86,9,13,79,97,23,17,80,38,6,10,26,20,86,35,24,24,6,8,1,1201.05,Suffolk County,Massachusetts
1500000US250251201052,488,76,0,12,6,9,45,28,49,31,87,42,35,26,108,45,30,22,20,17,76,36,32,27,0,12,2,1201.05,Suffolk County,Massachusetts
1500000US250251201053,227,68,28,33,3,8,6,7,32,18,30,23,31,28,63,32,8,11,12,12,12,12,0,12,2,4,3,1201.05,Suffolk County,Massachusetts
1500000US250251202011,909,200,0,12,0,12,70,42,28,29,126,76,51,36,143,61,34,31,56,49,219,78,154,79,28,29,1,1202.01,Suffolk County,Massachusetts
1500000US250251202012,1095,237,0,12,43,53,62,46,61,44,127,112,67,45,240,105,49,27,152,82,194,85,100,75,0,12,2,1202.01,Suffolk County,Massachusetts
1500000US250251202013,413,163,0,12,0,12,9,14,42,48,12,19,63,62,105,69,42,50,28,31,112,62,0,12,0,12,3,1202.01,Suffolk County,Massachusetts
1500000US250251203011,1044,325,30,47,40,59,14,22,47,57,273,227,181,129,98,58,77,77,55,39,139,97,79,77,11,18,1,1203.01,Suffolk County,Massachusetts
1500000US250251203012,572,190,46,67,9,14,37,42,22,24,55,62,14,22,179,117,0,12,117,85,66,78,27,30,0,12,2,1203.01,Suffolk County,Massachusetts
1500000US250251203013,650,166,24,36,11,16,24,31,24,25,81,50,27,34,138,78,133,125,72,54,84,58,32,27,0,12,3,1203.01,Suffolk County,Massachusetts
1500000US250251203014,969,267,33,51,28,33,167,136,34,29,124,71,30,25,271,132,61,42,21,18,139,80,61,37,0,12,4,1203.01,Suffolk County,Massachusetts
1500000US250251204001,548,225,17,29,0,12,40,53,86,95,57,60,19,31,48,49,0,12,35,42,124,91,122,88,0,12,1,1204,Suffolk County,Massachusetts
1500000US250251204002,361,145,0,12,0,12,17,26,46,55,42,69,38,44,59,62,26,42,16,24,73,64,44,42,0,12,2,1204,Suffolk County,Massachusetts
1500000US250251204003,841,264,0,12,0,12,21,30,83,76,131,118,141,87,97,79,99,72,63,100,138,113,68,68,0,12,3,1204,Suffolk County,Massachusetts
1500000US250251204004,1439,515,31,34,0,12,108,126,282,199,79,61,186,103,163,135,81,65,123,71,329,247,57,52,0,12,4,1204,Suffolk County,Massachusetts
1500000US250251204005,530,189,0,12,3,13,16,26,44,44,79,66,21,26,55,64,39,45,54,70,137,96,82,83,0,12,5,1204,Suffolk County,Massachusetts
1500000US250251205001,609,154,0,12,11,16,42,49,38,32,153,68,46,32,127,52,24,26,29,20,130,92,9,13,0,12,1,1205,Suffolk County,Massachusetts
1500000US250251205002,569,164,0,12,20,24,23,22,69,39,94,54,52,58,112,69,55,42,22,19,88,60,34,28,0,12,2,1205,Suffolk County,Massachusetts
1500000US250251205003,539,163,19,25,11,17,61,41,79,40,60,31,11,12,99,59,29,21,16,18,79,45,75,54,0,12,3,1205,Suffolk County,Massachusetts
1500000US250251206001,770,296,20,22,27,41,24,22,98,67,112,69,52,44,283,224,29,26,49,33,21,19,55,40,0,12,1,1206,Suffolk County,Massachusetts
1500000US250251206002,445,110,0,12,37,59,15,17,17,20,57,38,31,27,85,47,14,17,55,48,98,46,26,25,10,16,2,1206,Suffolk County,Massachusetts
1500000US250251206003,626,204,16,18,0,12,49,35,9,13,44,36,0,12,288,179,24,24,56,48,120,85,20,19,0,12,3,1206,Suffolk County,Massachusetts
1500000US250251207001,568,116,6,10,0,12,21,18,36,25,59,29,44,28,155,89,53,27,51,34,107,54,33,26,3,7,1,1207,Suffolk County,Massachusetts
1500000US250251207002,808,115,0,12,6,10,59,50,89,43,113,40,164,69,109,44,74,41,92,47,67,39,28,19,7,10,2,1207,Suffolk County,Massachusetts
1500000US250251301001,477,182,0,12,11,19,20,30,88,75,58,67,0,12,139,113,0,12,0,12,79,68,82,57,0,12,1,1301,Suffolk County,Massachusetts
1500000US250251301002,1138,282,0,12,11,17,57,60,81,72,158,90,97,115,278,139,79,72,136,86,122,101,119,105,0,12,2,1301,Suffolk County,Massachusetts
1500000US250251301003,527,235,20,37,0,12,17,27,32,49,100,99,106,77,76,45,30,49,23,37,80,60,43,53,0,12,3,1301,Suffolk County,Massachusetts
1500000US250251301004,572,313,0,12,0,12,73,64,60,73,64,110,0,12,238,199,0,12,24,30,47,44,66,57,0,12,4,1301,Suffolk County,Massachusetts
1500000US250251301005,460,178,0,12,17,27,37,44,86,58,36,45,0,12,31,45,0,12,90,62,0,12,89,93,74,114,5,1301,Suffolk County,Massachusetts
1500000US250251301006,138,93,0,12,0,12,17,26,27,44,23,36,10,19,0,12,15,24,9,18,37,42,0,12,0,12,6,1301,Suffolk County,Massachusetts
1500000US250251301007,507,207,0,12,75,71,56,54,37,43,65,51,56,49,71,66,50,74,20,33,49,54,28,43,0,12,7,1301,Suffolk County,Massachusetts
1500000US250251302001,389,113,0,12,31,42,69,40,32,30,118,75,27,30,29,28,0,12,30,28,50,49,0,12,3,8,1,1302,Suffolk County,Massachusetts
1500000US250251302002,565,192,0,12,32,50,121,80,119,73,24,26,28,40,65,43,0,12,95,73,29,26,34,42,18,28,2,1302,Suffolk County,Massachusetts
1500000US250251302003,917,174,17,19,22,31,78,49,63,41,194,98,11,17,193,100,7,10,82,56,99,53,138,86,13,20,3,1302,Suffolk County,Massachusetts
1500000US250251302004,335,106,0,12,10,16,22,25,40,30,25,26,33,27,54,44,0,12,36,34,79,45,36,33,0,12,4,1302,Suffolk County,Massachusetts
1500000US250251302005,400,170,10,16,0,12,21,24,88,75,29,27,14,23,79,75,9,14,47,46,14,21,89,53,0,12,5,1302,Suffolk County,Massachusetts
1500000US250251303001,392,125,0,12,13,20,72,38,54,41,0,12,9,15,20,22,9,15,13,21,167,91,15,18,20,34,1,1303,Suffolk County,Massachusetts
1500000US250251303002,541,155,0,12,13,20,19,21,73,62,69,60,8,14,83,60,41,34,24,24,100,56,85,59,26,39,2,1303,Suffolk County,Massachusetts
1500000US250251303003,275,111,0,12,14,16,7,11,20,22,88,81,0,12,64,51,0,12,38,29,26,26,18,22,0,12,3,1303,Suffolk County,Massachusetts
1500000US250251303004,633,164,30,45,64,57,63,51,125,68,89,62,10,16,46,47,19,23,0,12,106,59,61,59,20,22,4,1303,Suffolk County,Massachusetts
1500000US250251303005,484,165,0,12,49,57,28,22,25,34,39,34,58,67,119,65,17,22,16,25,92,45,34,28,7,13,5,1303,Suffolk County,Massachusetts
1500000US250251304021,550,201,30,24,35,40,53,51,0,12,44,71,116,101,75,61,40,45,87,57,38,43,32,35,0,12,1,1304.02,Suffolk County,Massachusetts
1500000US250251304022,336,138,0,12,18,29,17,29,30,35,74,55,0,12,74,46,0,12,61,49,35,39,27,31,0,12,2,1304.02,Suffolk County,Massachusetts
1500000US250251304023,518,179,0,12,0,12,91,88,59,59,28,27,13,22,85,64,0,12,18,29,30,35,155,102,39,45,3,1304.02,Suffolk County,Massachusetts
1500000US250251304024,531,236,0,12,0,12,64,57,121,184,72,66,25,35,44,52,100,67,18,28,53,51,15,24,19,28,4,1304.02,Suffolk County,Massachusetts
1500000US250251304025,549,207,0,12,8,13,126,127,50,48,32,37,29,32,56,48,16,25,34,38,94,62,86,76,18,30,5,1304.02,Suffolk County,Massachusetts
1500000US250251304041,1185,323,10,14,97,89,43,36,115,71,126,68,118,68,240,144,111,123,82,74,147,77,96,47,0,12,1,1304.04,Suffolk County,Massachusetts
1500000US250251304042,506,139,31,24,0,12,0,12,10,17,51,56,49,40,159,66,10,17,18,22,82,50,85,52,11,16,2,1304.04,Suffolk County,Massachusetts
1500000US250251304043,191,105,0,12,0,12,0,12,0,12,47,36,10,19,87,58,0,12,10,16,31,39,6,10,0,12,3,1304.04,Suffolk County,Massachusetts
1500000US250251304061,1290,326,24,41,126,126,10,19,220,151,104,83,151,93,153,119,17,29,0,12,125,77,276,184,84,92,1,1304.06,Suffolk County,Massachusetts
1500000US250251304062,1248,314,34,48,44,56,50,68,116,103,110,100,160,115,242,131,105,132,37,45,198,124,70,54,82,129,2,1304.06,Suffolk County,Massachusetts
1500000US250251304063,287,133,0,12,0,12,47,65,0,12,120,75,0,12,14,24,0,12,0,12,0,12,106,104,0,12,3,1304.06,Suffolk County,Massachusetts
1500000US250251401021,929,314,0,12,9,14,46,44,31,39,111,83,81,56,263,158,35,51,27,28,207,99,75,61,44,62,1,1401.02,Suffolk County,Massachusetts
1500000US250251401022,883,245,0,12,41,52,41,49,39,38,205,86,50,59,106,65,93,88,41,40,163,88,82,63,22,22,2,1401.02,Suffolk County,Massachusetts
1500000US250251401023,401,152,0,12,20,26,16,24,20,22,47,44,23,24,56,40,0,12,0,12,77,56,113,73,29,46,3,1401.02,Suffolk County,Massachusetts
1500000US250251401024,694,175,0,12,28,28,75,55,39,30,103,68,35,32,88,49,45,40,32,29,144,64,84,49,21,23,4,1401.02,Suffolk County,Massachusetts
1500000US250251401051,1565,344,9,15,35,32,41,39,82,70,120,73,39,33,496,197,21,27,260,123,196,100,160,101,106,75,1,1401.05,Suffolk County,Massachusetts
1500000US250251401052,739,332,18,22,0,12,20,31,37,40,138,104,46,49,142,116,0,12,126,90,83,61,103,70,26,34,2,1401.05,Suffolk County,Massachusetts
1500000US250251401061,739,180,14,18,23,24,26,21,51,39,145,80,27,24,110,54,41,23,46,34,132,49,110,57,14,20,1,1401.06,Suffolk County,Massachusetts
1500000US250251401062,246,98,0,12,0,12,1,13,22,33,26,27,0,12,84,46,0,12,13,20,41,34,45,33,14,15,2,1401.06,Suffolk County,Massachusetts
1500000US250251401071,1005,174,18,27,21,24,15,23,68,41,151,83,73,47,294,110,14,14,46,28,211,103,84,33,10,18,1,1401.07,Suffolk County,Massachusetts
1500000US250251401072,489,118,0,12,14,14,8,11,27,26,99,55,17,15,64,34,19,30,58,39,138,56,45,28,0,12,2,1401.07,Suffolk County,Massachusetts
1500000US250251402011,601,128,14,18,46,36,25,24,79,55,92,46,4,8,87,53,7,10,29,25,81,57,120,61,17,18,1,1402.01,Suffolk County,Massachusetts
1500000US250251402012,854,135,0,12,63,43,75,55,84,44,86,45,44,44,197,72,23,25,13,15,143,52,122,60,4,6,2,1402.01,Suffolk County,Massachusetts
1500000US250251402021,643,276,0,12,9,16,10,16,52,58,7,11,35,55,217,129,7,11,43,66,150,86,94,83,19,21,1,1402.02,Suffolk County,Massachusetts
1500000US250251402022,906,343,0,12,42,53,54,84,85,77,128,107,38,54,200,201,0,12,0,12,56,33,266,177,37,34,2,1402.02,Suffolk County,Massachusetts
1500000US250251402023,600,201,8,15,55,47,22,28,36,48,21,26,53,41,77,59,17,27,0,12,99,63,126,107,86,70,3,1402.02,Suffolk County,Massachusetts
1500000US250251402024,868,305,0,12,6,9,18,16,19,21,0,12,36,52,209,106,34,30,59,36,200,151,239,119,48,63,4,1402.02,Suffolk County,Massachusetts
1500000US250251402025,535,169,5,9,33,31,70,69,8,13,40,32,32,28,101,55,33,35,27,23,89,76,56,42,41,38,5,1402.02,Suffolk County,Massachusetts
1500000US250251403001,336,188,0,12,0,12,19,33,30,48,0,12,0,12,88,93,14,25,0,12,95,117,90,74,0,12,1,1403,Suffolk County,Massachusetts
1500000US250251403002,593,226,0,12,25,39,0,12,0,12,203,128,0,12,269,134,0,12,50,51,7,21,24,40,15,26,2,1403,Suffolk County,Massachusetts
1500000US250251403003,914,594,0,12,96,114,0,12,104,105,0,12,170,210,67,97,0,12,65,108,94,111,318,279,0,12,3,1403,Suffolk County,Massachusetts
1500000US250251403004,281,193,0,12,0,12,0,12,38,58,16,24,28,52,51,62,31,53,0,12,47,44,70,70,0,12,4,1403,Suffolk County,Massachusetts
1500000US250251403005,680,368,44,60,89,72,0,12,110,189,0,12,43,68,284,205,40,51,15,26,25,45,13,22,17,28,5,1403,Suffolk County,Massachusetts
1500000US250251403006,463,251,11,29,22,43,26,41,72,70,67,69,0,12,156,122,29,56,21,37,16,29,43,55,0,12,6,1403,Suffolk County,Massachusetts
1500000US250251404001,279,174,0,12,0,12,0,12,48,73,0,12,22,36,29,40,0,12,40,65,46,75,0,12,94,107,1,1404,Suffolk County,Massachusetts
1500000US250251404002,573,298,0,12,0,12,26,43,52,62,66,86,25,46,74,73,0,12,92,129,39,42,166,193,33,51,2,1404,Suffolk County,Massachusetts
1500000US250251404003,589,265,26,43,45,71,32,35,49,79,30,46,0,12,70,52,130,119,37,59,64,76,106,129,0,12,3,1404,Suffolk County,Massachusetts
1500000US250251404004,340,180,0,12,30,50,18,31,0,12,14,25,0,12,48,63,83,64,0,12,108,109,39,60,0,12,4,1404,Suffolk County,Massachusetts
1500000US250251404005,896,310,0,12,0,12,41,64,0,12,159,159,143,112,49,60,0,12,29,47,240,174,64,55,171,123,5,1404,Suffolk County,Massachusetts
1500000US250251404006,1171,295,0,12,0,12,27,42,133,108,201,206,30,48,299,172,17,28,30,49,293,174,141,109,0,12,6,1404,Suffolk County,Massachusetts
1500000US250251404007,572,270,0,12,0,12,35,59,56,49,47,47,14,25,151,198,0,12,19,31,0,12,92,81,158,143,7,1404,Suffolk County,Massachusetts
1500000US250251601011,961,422,0,12,76,76,242,136,142,108,153,108,40,65,171,151,0,12,71,80,14,22,52,83,0,12,1,1601.01,Suffolk County,Massachusetts
1500000US250251601012,852,407,0,12,0,12,105,109,119,89,73,88,83,98,0,12,0,12,270,229,71,85,89,104,42,61,2,1601.01,Suffolk County,Massachusetts
1500000US250251601013,1008,353,0,12,0,12,145,88,50,50,50,80,23,37,153,116,14,23,171,178,252,133,96,87,54,63,3,1601.01,Suffolk County,Massachusetts
1500000US250251601014,1194,442,0,12,0,12,78,72,84,64,93,69,77,116,169,111,57,66,106,100,141,117,352,243,37,42,4,1601.01,Suffolk County,Massachusetts
1500000US250251601015,394,232,0,12,55,77,113,124,15,24,31,51,11,18,37,57,70,108,0,12,24,28,16,26,22,45,5,1601.01,Suffolk County,Massachusetts
1500000US250251602001,740,241,0,12,150,87,209,104,77,65,46,46,47,71,99,70,0,12,53,62,11,16,30,33,18,29,1,1602,Suffolk County,Massachusetts
1500000US250251602002,345,136,0,12,109,83,11,19,52,44,39,44,0,12,92,65,0,12,18,26,0,12,24,33,0,12,2,1602,Suffolk County,Massachusetts
1500000US250251602003,824,240,0,12,21,27,84,65,41,50,50,55,20,23,190,78,31,35,14,19,90,60,192,134,91,133,3,1602,Suffolk County,Massachusetts
1500000US250251603001,747,125,19,21,18,18,124,69,39,33,155,76,33,33,104,59,34,35,53,38,78,45,81,33,9,15,1,1603,Suffolk County,Massachusetts
1500000US250251603002,385,186,8,13,0,12,29,26,0,12,4,9,40,39,69,69,8,14,19,22,10,15,143,115,55,58,2,1603,Suffolk County,Massachusetts
1500000US250251604001,907,180,17,19,26,22,80,85,67,44,148,81,78,52,180,78,53,33,20,18,134,69,56,44,48,36,1,1604,Suffolk County,Massachusetts
1500000US250251604002,997,194,7,11,38,30,69,47,112,69,95,69,76,52,25,21,0,12,61,41,151,81,150,71,213,99,2,1604,Suffolk County,Massachusetts
1500000US250251605011,1474,354,43,47,108,71,68,59,81,67,270,130,104,72,316,240,36,44,94,80,146,84,85,73,123,86,1,1605.01,Suffolk County,Massachusetts
1500000US250251605012,553,275,0,12,29,28,49,56,0,12,74,64,0,12,198,121,32,43,26,44,73,72,72,73,0,12,2,1605.01,Suffolk County,Massachusetts
1500000US250251605013,390,227,0,12,6,11,29,46,23,27,100,123,17,29,107,94,10,16,0,12,44,69,41,39,13,21,3,1605.01,Suffolk County,Massachusetts
1500000US250251605014,435,193,0,12,0,12,58,56,0,12,52,57,35,37,107,83,24,27,0,12,49,49,101,90,9,15,4,1605.01,Suffolk County,Massachusetts
1500000US250251605015,268,124,12,19,0,12,0,12,43,48,31,35,27,40,101,65,0,12,0,12,14,16,27,44,13,16,5,1605.01,Suffolk County,Massachusetts
1500000US250251605021,1121,347,0,12,62,68,101,88,160,94,275,189,0,12,100,52,74,63,33,38,228,175,77,72,11,16,1,1605.02,Suffolk County,Massachusetts
1500000US250251605022,815,308,125,144,12,21,142,96,0,12,150,131,71,68,41,58,59,61,16,27,35,54,101,88,63,60,2,1605.02,Suffolk County,Massachusetts
1500000US250251605023,521,219,10,15,24,30,8,14,60,50,37,44,34,39,98,100,72,64,99,111,35,39,21,34,23,33,3,1605.02,Suffolk County,Massachusetts
1500000US250251606011,1312,327,0,12,65,49,102,68,162,78,108,116,81,62,110,73,51,59,154,81,228,110,208,119,43,52,1,1606.01,Suffolk County,Massachusetts
1500000US250251606012,1021,328,0,12,112,82,113,85,65,58,82,68,2,7,86,58,153,92,97,62,150,114,94,83,67,58,2,1606.01,Suffolk County,Massachusetts
1500000US250251606021,968,293,30,35,166,113,84,82,210,112,33,34,39,60,128,97,0,12,47,55,87,70,72,74,72,61,1,1606.02,Suffolk County,Massachusetts
1500000US250251606022,384,135,0,12,7,11,49,34,86,58,44,32,36,41,63,48,0,12,29,39,29,28,41,35,0,12,2,1606.02,Suffolk County,Massachusetts
1500000US250251606023,453,176,0,12,18,27,19,34,30,38,18,22,24,27,110,73,6,9,9,14,100,83,89,87,30,37,3,1606.02,Suffolk County,Massachusetts
1500000US250251606024,337,148,0,12,10,17,5,10,44,50,55,61,11,18,40,58,23,26,10,17,82,63,52,51,5,9,4,1606.02,Suffolk County,Massachusetts
1500000US250251606025,567,170,0,12,10,16,53,83,37,40,104,86,91,63,73,80,0,12,34,38,63,58,102,71,0,12,5,1606.02,Suffolk County,Massachusetts
1500000US250251701001,834,467,0,12,32,36,0,12,108,91,49,71,21,34,223,231,0,12,104,99,0,12,160,115,137,130,1,1701,Suffolk County,Massachusetts
1500000US250251701002,531,191,0,12,12,16,5,15,88,71,117,104,90,124,71,61,0,12,71,64,45,41,19,30,13,21,2,1701,Suffolk County,Massachusetts
1500000US250251701003,532,244,0,12,240,185,14,22,18,28,0,12,0,12,170,123,18,29,22,35,16,26,19,30,15,23,3,1701,Suffolk County,Massachusetts
1500000US250251701004,485,203,0,12,16,25,100,98,73,53,18,28,30,34,85,67,0,12,58,95,35,41,54,65,16,26,4,1701,Suffolk County,Massachusetts
1500000US250251701005,502,221,0,12,18,29,69,69,58,49,0,12,21,25,64,53,17,26,18,28,123,93,114,81,0,12,5,1701,Suffolk County,Massachusetts
1500000US250251701006,366,186,0,12,15,27,0,12,111,136,71,62,19,33,33,28,14,22,0,12,56,54,15,26,32,40,6,1701,Suffolk County,Massachusetts
1500000US250251701007,506,246,0,12,33,49,0,12,61,58,166,118,11,17,69,109,0,12,22,28,95,66,49,47,0,12,7,1701,Suffolk County,Massachusetts
1500000US250251702001,292,103,0,12,23,26,26,28,52,39,25,24,0,12,68,50,0,12,9,13,5,7,61,44,23,28,1,1702,Suffolk County,Massachusetts
1500000US250251702002,630,206,47,54,7,13,21,20,78,55,20,18,29,45,97,60,6,9,69,51,181,175,66,47,9,14,2,1702,Suffolk County,Massachusetts
1500000US250251702003,545,223,0,12,71,88,28,44,98,104,18,30,64,103,81,80,42,59,24,23,85,95,21,35,13,19,3,1702,Suffolk County,Massachusetts
1500000US250251702004,602,172,0,12,97,59,54,63,18,17,54,49,9,9,103,64,25,23,45,31,67,53,130,82,0,12,4,1702,Suffolk County,Massachusetts
1500000US250251703001,1285,405,0,12,78,92,25,39,121,113,115,64,29,46,271,115,93,112,35,33,325,152,171,134,22,27,1,1703,Suffolk County,Massachusetts
1500000US250251703002,802,273,0,12,25,40,152,158,173,153,41,38,27,31,126,64,0,12,77,114,94,89,87,58,0,12,2,1703,Suffolk County,Massachusetts
1500000US250251703003,121,87,14,23,16,27,0,12,18,30,0,12,0,12,63,71,0,12,0,12,10,16,0,12,0,12,3,1703,Suffolk County,Massachusetts
1500000US250251703004,775,284,0,12,80,63,140,111,83,61,132,114,65,56,150,101,0,12,13,21,32,32,80,72,0,12,4,1703,Suffolk County,Massachusetts
1500000US250251703005,784,362,0,12,168,204,45,43,100,106,18,28,58,49,146,102,61,59,0,12,67,59,105,82,16,24,5,1703,Suffolk County,Massachusetts
1500000US250251703006,823,288,0,12,41,51,0,12,160,111,185,167,19,32,151,105,21,35,69,74,54,65,97,74,26,40,6,1703,Suffolk County,Massachusetts
1500000US250251703007,292,148,15,23,0,12,14,22,36,38,39,46,0,12,134,125,0,12,0,12,0,12,54,60,0,12,7,1703,Suffolk County,Massachusetts
1500000US250251704001,260,189,0,12,58,75,0,12,55,45,0,12,9,16,79,90,0,12,8,13,32,36,19,30,0,12,1,1704,Suffolk County,Massachusetts
1500000US250251704002,409,180,15,25,0,12,31,37,10,15,72,85,26,42,65,65,0,12,74,56,51,64,65,65,0,12,2,1704,Suffolk County,Massachusetts
1500000US250251704003,663,175,1,3,18,30,146,127,91,89,105,102,1,2,106,131,0,12,20,33,129,94,46,51,0,12,3,1704,Suffolk County,Massachusetts
1500000US250251704004,1152,346,0,12,18,30,136,78,79,80,73,64,40,45,337,137,0,12,66,58,114,112,289,195,0,12,4,1704,Suffolk County,Massachusetts
1500000US250251705011,1537,386,0,12,20,21,43,40,175,117,43,48,44,46,502,202,76,51,80,66,364,123,142,83,48,34,1,1705.01,Suffolk County,Massachusetts
1500000US250251705012,654,181,0,12,0,12,0,12,54,43,35,30,45,34,131,83,0,12,79,65,114,74,196,112,0,12,2,1705.01,Suffolk County,Massachusetts
1500000US250251705021,442,132,0,12,0,12,0,12,76,53,37,28,28,28,99,64,42,37,22,24,18,17,77,58,43,38,1,1705.02,Suffolk County,Massachusetts
1500000US250251705022,639,177,0,12,48,48,18,20,59,32,24,24,19,34,68,45,39,38,19,33,144,86,180,116,21,21,2,1705.02,Suffolk County,Massachusetts
1500000US250251706011,703,207,0,12,15,19,43,41,66,47,157,85,22,33,167,85,22,25,35,33,104,90,40,28,32,33,1,1706.01,Suffolk County,Massachusetts
1500000US250251706012,726,284,0,12,63,65,131,104,84,63,163,128,0,12,50,41,0,12,71,46,58,50,85,49,21,25,2,1706.01,Suffolk County,Massachusetts
1500000US250251706013,795,280,0,12,42,33,70,51,39,33,144,95,78,59,42,34,39,40,86,74,114,103,138,79,3,9,3,1706.01,Suffolk County,Massachusetts
1500000US250251706014,827,438,10,13,80,51,152,85,0,12,168,148,0,12,202,237,31,38,66,79,23,26,86,60,9,14,4,1706.01,Suffolk County,Massachusetts
1500000US250251707011,262,89,17,27,6,11,40,34,24,23,20,19,20,17,28,22,9,12,12,12,53,35,33,27,0,12,1,1707.01,Suffolk County,Massachusetts
1500000US250251707012,889,165,41,38,94,69,40,30,23,24,52,43,5,12,132,47,17,19,117,83,181,72,158,65,29,28,2,1707.01,Suffolk County,Massachusetts
1500000US250251707021,266,192,0,12,5,13,18,25,59,74,80,89,0,12,24,30,28,44,0,12,52,56,0,12,0,12,1,1707.02,Suffolk County,Massachusetts
1500000US250251707022,639,314,0,12,0,12,116,100,38,40,115,111,0,12,76,104,52,80,51,50,90,100,77,71,24,31,2,1707.02,Suffolk County,Massachusetts
1500000US250251707023,965,322,0,12,0,12,40,59,157,119,66,88,52,82,154,102,39,59,19,25,88,84,314,214,36,60,3,1707.02,Suffolk County,Massachusetts
1500000US250251707024,708,360,0,12,18,29,43,51,43,62,172,173,15,27,42,70,0,12,0,12,174,105,186,249,15,27,4,1707.02,Suffolk County,Massachusetts
1500000US250251707025,738,341,0,12,9,20,37,36,42,49,0,12,112,169,260,167,0,12,17,25,98,98,163,108,0,12,5,1707.02,Suffolk County,Massachusetts
1500000US250251708001,1321,490,0,12,0,12,89,87,117,78,224,142,0,12,309,176,116,96,97,115,233,167,136,110,0,12,1,1708,Suffolk County,Massachusetts
1500000US250251708002,646,239,0,12,0,12,30,51,13,24,130,112,61,64,91,78,59,75,76,66,113,94,73,59,0,12,2,1708,Suffolk County,Massachusetts
1500000US250251708003,535,220,1,2,0,12,139,138,74,95,68,84,14,25,87,70,0,12,25,39,101,80,26,40,0,12,3,1708,Suffolk County,Massachusetts
1500000US250251708004,379,151,0,12,0,12,33,36,59,52,45,43,0,12,100,77,51,54,15,26,31,36,36,40,9,17,4,1708,Suffolk County,Massachusetts
1500000US250251801011,675,234,0,12,23,33,60,51,0,12,0,12,9,19,285,140,23,38,82,77,48,51,145,157,0,12,1,1801.01,Suffolk County,Massachusetts
1500000US250251801012,812,287,0,12,32,46,17,26,44,70,84,79,31,26,164,110,143,167,12,21,139,93,133,101,13,21,2,1801.01,Suffolk County,Massachusetts
1500000US250251801013,1246,339,103,70,0,12,84,106,163,137,71,67,44,55,136,84,130,142,110,111,214,122,81,88,110,136,3,1801.01,Suffolk County,Massachusetts
1500000US250251802001,876,242,16,26,131,114,132,114,29,30,84,71,30,35,129,92,25,41,123,59,55,41,87,66,35,34,1,1802,Suffolk County,Massachusetts
1500000US250251802002,344,169,22,26,30,27,19,23,11,18,6,12,12,20,173,129,0,12,0,12,26,31,23,27,22,26,2,1802,Suffolk County,Massachusetts
1500000US250251802003,531,233,28,40,0,12,8,13,34,31,56,83,77,69,100,78,0,12,23,36,142,127,63,72,0,12,3,1802,Suffolk County,Massachusetts
1500000US250251802004,705,191,0,12,9,14,48,39,44,31,50,40,24,26,247,110,64,56,78,65,115,71,15,18,11,18,4,1802,Suffolk County,Massachusetts
1500000US250251803011,347,140,0,12,52,54,0,12,45,42,61,91,6,10,90,101,12,21,0,12,56,34,8,16,17,20,1,1803.01,Suffolk County,Massachusetts
1500000US250251803012,414,136,0,12,41,42,11,13,0,12,14,25,61,41,38,45,12,18,11,17,152,99,74,63,0,12,2,1803.01,Suffolk County,Massachusetts
1500000US250251803013,239,79,11,17,33,31,30,28,16,19,51,42,0,12,49,36,0,12,0,12,8,12,8,12,33,33,3,1803.01,Suffolk County,Massachusetts
1500000US250251803014,369,162,27,40,26,36,23,25,24,28,18,22,52,47,56,45,33,33,15,17,44,44,48,53,3,14,4,1803.01,Suffolk County,Massachusetts
1500000US250251804001,701,139,8,12,60,30,24,25,75,45,70,44,31,22,176,72,16,17,21,19,146,69,74,34,0,12,1,1804,Suffolk County,Massachusetts
1500000US250251804002,471,124,0,12,23,20,56,55,31,28,37,37,22,20,30,23,52,34,75,71,58,45,34,27,53,32,2,1804,Suffolk County,Massachusetts
1500000US250251805001,886,199,19,23,61,50,71,52,7,12,27,27,61,59,220,95,17,19,61,40,191,93,151,81,0,12,1,1805,Suffolk County,Massachusetts
1500000US250251805002,364,174,0,12,33,37,0,12,9,16,47,51,0,12,47,43,0,12,103,90,115,100,0,12,10,15,2,1805,Suffolk County,Massachusetts
1500000US250251805003,579,152,0,12,11,18,83,73,28,26,43,42,0,12,84,47,0,12,68,68,78,45,135,79,49,47,3,1805,Suffolk County,Massachusetts
1500000US250251805004,622,181,0,12,23,35,47,46,49,50,78,42,0,12,131,66,35,33,91,70,75,62,70,44,23,27,4,1805,Suffolk County,Massachusetts
1500000US250259801011,87,75,1,3,0,12,19,35,42,80,13,29,0,12,12,29,0,12,0,12,0,12,0,12,0,12,1,9801.01,Suffolk County,Massachusetts
1500000US250259803001,34,45,0,12,0,12,0,12,20,37,0,12,0,12,0,12,0,12,0,12,0,12,0,12,14,33,1,9803,Suffolk County,Massachusetts
1500000US250259807001,0,12,0,12,0,12,0,12,0,12,0,12,0,12,0,12,0,12,0,12,0,12,0,12,0,12,1,9807,Suffolk County,Massachusetts
1500000US250259810001,0,12,0,12,0,12,0,12,0,12,0,12,0,12,0,12,0,12,0,12,0,12,0,12,0,12,1,9810,Suffolk County,Massachusetts
1500000US250259811001,0,12,0,12,0,12,0,12,0,12,0,12,0,12,0,12,0,12,0,12,0,12,0,12,0,12,1,9811,Suffolk County,Massachusetts
1500000US250259811002,0,12,0,12,0,12,0,12,0,12,0,12,0,12,0,12,0,12,0,12,0,12,0,12,0,12,2,9811,Suffolk County,Massachusetts
1500000US250259811003,4,7,4,7,0,12,0,12,0,12,0,12,0,12,0,12,0,12,0,12,0,12,0,12,0,12,3,9811,Suffolk County,Massachusetts
1500000US250259811004,119,52,0,12,0,12,10,16,9,9,24,28,0,12,21,23,0,12,23,25,5,7,23,19,4,6,4,9811,Suffolk County,Massachusetts
1500000US250259812011,0,12,0,12,0,12,0,12,0,12,0,12,0,12,0,12,0,12,0,12,0,12,0,12,0,12,1,9812.01,Suffolk County,Massachusetts
1500000US250259812021,165,66,35,48,54,37,48,46,0,12,14,23,0,12,14,22,0,12,0,12,0,12,0,12,0,12,1,9812.02,Suffolk County,Massachusetts
1500000US250259813001,0,12,0,12,0,12,0,12,0,12,0,12,0,12,0,12,0,12,0,12,0,12,0,12,0,12,1,9813,Suffolk County,Massachusetts
1500000US250259813002,326,69,9,11,0,12,25,16,61,31,39,20,36,21,88,53,14,11,24,18,15,14,10,10,5,7,2,9813,Suffolk County,Massachusetts
1500000US250259815011,0,12,0,12,0,12,0,12,0,12,0,12,0,12,0,12,0,12,0,12,0,12,0,12,0,12,1,9815.01,Suffolk County,Massachusetts
1500000US250259815021,0,12,0,12,0,12,0,12,0,12,0,12,0,12,0,12,0,12,0,12,0,12,0,12,0,12,1,9815.02,Suffolk County,Massachusetts
1500000US250259816001,0,12,0,12,0,12,0,12,0,12,0,12,0,12,0,12,0,12,0,12,0,12,0,12,0,12,1,9816,Suffolk County,Massachusetts
1500000US250259817001,0,12,0,12,0,12,0,12,0,12,0,12,0,12,0,12,0,12,0,12,0,12,0,12,0,12,1,9817,Suffolk County,Massachusetts
1500000US250259818001,14,11,0,12,0,12,7,8,3,6,0,12,0,12,0,12,0,12,4,7,0,12,0,12,0,12,1,9818,Suffolk County,Massachusetts
1500000US250259901010,67,105,0,12,0,12,0,12,0,12,0,12,0,12,35,55,0,12,0,12,0,12,32,50,0,12,0,9901.01,Suffolk County,Massachusetts
