Geography,Total Estimate,Total Margin of Error,Estimate - 12:00 a.m. to 4:59 a.m.,Margin of Error - 12:00 a.m. to 4:59 a.m.,Estimate - 5:00 a.m. to 5:29 a.m.,Margin of Error - 5:00 a.m. to 5:29 a.m.,Estimate - 5:30 a.m. to 5:59 a.m.,Margin of Error - 5:30 a.m. to 5:59 a.m.,Estimate - 6:00 a.m. to 6:29 a.m.,Margin of Error - 6:00 a.m. to 6:29 a.m.,Estimate - 6:30 a.m. to 6:59 a.m.,Margin of Error - 6:30 a.m. to 6:59 a.m.,Estimate - 7:00 a.m. to 7:29 a.m.,Margin of Error - 7:00 a.m. to 7:29 a.m.,Estimate - 7:30 a.m. to 7:59 a.m.,Margin of Error - 7:30 a.m. to 7:59 a.m.,Estimate - 8:00 a.m. to 8:29 a.m.,Margin of Error - 8:00 a.m. to 8:29 a.m.,Estimate - 8:30 a.m. to 8:59 a.m.,Margin of Error - 8:30 a.m. to 8:59 a.m.,Estimate - 9:00 a.m. to 9:59 a.m.,Margin of Error - 9:00 a.m. to 9:59 a.m.,Estimate - 10:00 a.m. to 10:59 a.m.,Margin of Error - 10:00 a.m. to 10:59 a.m.,Estimate - 11:00 a.m. to 11:59 a.m.,Margin of Error - 11:00 a.m. to 11:59 a.m.,Estimate - 12:00 p.m. to 3:59 p.m.,Margin of Error - 12:00 p.m. to 3:59 p.m.,Estimate - 4:00 p.m. to 11:59 p.m.,Margin of Error - 4:00 p.m. to 11:59 p.m.,Block Group,Census Tract,County,State
1500000US250250001001,843,224,42,44,0,12,31,36,24,30,11,17,111,88,116,61,216,104,65,72,160,113,0,12,0,12,67,58,0,12,1,1,Suffolk County,Massachusetts
1500000US250250001002,725,240,0,12,28,35,20,24,44,57,10,15,48,55,95,57,158,89,20,24,56,53,108,66,25,31,93,49,20,26,2,1,Suffolk County,Massachusetts
1500000US250250001003,281,118,0,12,0,12,2,6,10,16,36,39,0,12,36,33,66,56,9,14,57,39,30,30,0,12,35,27,0,12,3,1,Suffolk County,Massachusetts
1500000US250250001004,447,142,16,19,0,12,17,31,38,32,36,43,94,56,53,39,59,43,25,23,7,11,54,35,0,12,10,16,38,38,4,1,Suffolk County,Massachusetts
1500000US250250002011,634,191,21,21,0,12,30,32,42,37,81,68,209,99,43,40,53,42,20,22,69,48,8,11,0,12,4,6,54,45,1,2.01,Suffolk County,Massachusetts
1500000US250250002012,384,182,0,12,14,16,0,12,36,34,30,28,78,76,0,12,29,36,78,98,55,44,18,22,0,12,19,20,27,32,2,2.01,Suffolk County,Massachusetts
1500000US250250002013,931,199,13,20,16,25,0,12,21,21,105,65,175,77,95,44,193,93,50,41,71,56,30,21,13,20,117,72,32,37,3,2.01,Suffolk County,Massachusetts
1500000US250250002014,424,155,0,12,0,12,0,12,24,32,94,68,27,27,40,32,136,66,24,22,19,17,6,9,0,12,33,29,21,35,4,2.01,Suffolk County,Massachusetts
1500000US250250002021,700,226,25,39,0,12,0,12,47,42,29,34,130,77,107,68,171,80,44,34,50,39,44,45,7,14,22,24,24,31,1,2.02,Suffolk County,Massachusetts
1500000US250250002022,729,166,0,12,0,12,31,36,33,31,0,12,82,69,135,60,167,88,46,38,116,56,25,24,0,12,11,18,83,49,2,2.02,Suffolk County,Massachusetts
1500000US250250002023,381,125,0,12,0,12,0,12,42,34,23,27,109,70,61,34,67,45,0,12,44,41,0,12,0,12,29,41,6,11,3,2.02,Suffolk County,Massachusetts
1500000US250250002024,190,82,0,12,0,12,0,12,12,20,31,29,7,11,16,24,37,27,0,12,9,14,0,12,17,25,42,47,19,21,4,2.02,Suffolk County,Massachusetts
1500000US250250003011,330,119,6,9,23,26,56,56,38,28,9,16,14,16,30,26,48,37,33,37,35,34,0,12,0,12,0,12,38,33,1,3.01,Suffolk County,Massachusetts
1500000US250250003012,513,212,0,12,0,12,8,13,34,44,53,44,58,44,30,28,132,83,36,32,29,30,28,30,13,19,34,53,58,51,2,3.01,Suffolk County,Massachusetts
1500000US250250003013,278,117,0,12,0,12,0,12,24,28,13,20,75,77,32,28,93,67,10,16,0,12,0,12,0,12,0,12,31,37,3,3.01,Suffolk County,Massachusetts
1500000US250250003014,313,83,0,12,11,17,10,15,4,6,15,24,28,26,39,33,96,70,43,35,12,18,18,20,0,12,32,39,5,9,4,3.01,Suffolk County,Massachusetts
1500000US250250003021,740,195,20,23,0,12,45,33,112,85,38,38,82,50,98,63,121,68,44,45,63,39,0,12,8,13,81,81,28,38,1,3.02,Suffolk County,Massachusetts
1500000US250250003022,957,236,20,33,0,12,47,74,43,38,97,55,132,91,166,87,119,76,115,66,89,50,22,25,0,12,45,32,62,55,2,3.02,Suffolk County,Massachusetts
1500000US250250004011,794,195,36,40,0,12,8,12,74,52,96,83,120,67,105,93,104,70,97,75,51,37,12,21,0,12,42,32,49,51,1,4.01,Suffolk County,Massachusetts
1500000US250250004012,473,196,10,16,13,20,0,12,0,12,9,16,83,74,86,68,63,43,78,85,63,78,0,12,29,34,27,42,12,21,2,4.01,Suffolk County,Massachusetts
1500000US250250004013,734,222,14,22,0,12,0,12,125,76,33,51,67,43,78,74,235,106,57,51,51,51,0,12,0,12,14,22,60,51,3,4.01,Suffolk County,Massachusetts
1500000US250250004014,626,216,0,12,0,12,15,24,20,33,48,53,88,108,52,58,183,113,28,28,28,32,0,12,91,76,73,56,0,12,4,4.01,Suffolk County,Massachusetts
1500000US250250004021,623,140,0,12,0,12,11,16,32,23,15,17,83,51,53,45,90,46,114,73,43,24,42,28,6,10,81,61,53,42,1,4.02,Suffolk County,Massachusetts
1500000US250250004022,412,150,0,12,18,22,0,12,16,18,23,22,60,43,86,69,118,70,27,34,20,39,9,17,7,8,20,21,8,15,2,4.02,Suffolk County,Massachusetts
1500000US250250004023,689,159,0,12,0,12,52,46,36,44,38,44,94,61,146,62,130,65,62,65,72,51,37,47,0,12,22,26,0,12,3,4.02,Suffolk County,Massachusetts
1500000US250250005021,538,87,0,12,0,12,18,19,32,44,40,26,50,36,89,43,101,57,41,44,108,56,4,6,0,12,24,22,31,33,1,5.02,Suffolk County,Massachusetts
1500000US250250005022,444,100,0,12,7,13,24,22,9,13,16,18,83,58,59,35,103,56,18,28,57,36,10,15,9,13,32,41,17,19,2,5.02,Suffolk County,Massachusetts
1500000US250250005023,828,127,0,12,0,12,9,13,9,14,66,37,111,48,118,48,200,66,75,37,118,59,9,14,15,18,62,36,36,30,3,5.02,Suffolk County,Massachusetts
1500000US250250005024,1130,203,0,12,0,12,0,12,16,23,11,20,25,35,79,70,70,54,57,33,66,59,96,63,44,45,472,132,194,86,4,5.02,Suffolk County,Massachusetts
1500000US250250005031,491,144,14,23,43,49,0,12,17,23,39,34,76,52,162,124,62,36,57,53,6,10,0,12,0,12,10,16,5,8,1,5.03,Suffolk County,Massachusetts
1500000US250250005032,830,148,0,12,0,12,19,27,7,11,58,44,90,50,112,58,159,73,88,44,128,71,53,34,15,13,63,60,38,35,2,5.03,Suffolk County,Massachusetts
1500000US250250005041,563,184,0,12,0,12,0,12,46,35,15,24,33,31,135,104,184,132,42,43,72,55,20,31,0,12,16,27,0,12,1,5.04,Suffolk County,Massachusetts
1500000US250250005042,538,134,0,12,0,12,0,12,14,23,22,28,92,103,67,48,116,77,93,66,0,12,42,40,0,12,15,23,77,85,2,5.04,Suffolk County,Massachusetts
1500000US250250005043,879,226,0,12,0,12,31,37,46,51,47,48,87,63,161,88,174,86,120,70,146,126,38,43,18,29,11,17,0,12,3,5.04,Suffolk County,Massachusetts
1500000US250250005044,356,207,0,12,0,12,0,12,62,99,103,102,36,56,17,29,55,68,20,25,44,37,19,29,0,12,0,12,0,12,4,5.04,Suffolk County,Massachusetts
1500000US250250006011,316,161,0,12,0,12,0,12,15,35,16,18,43,39,75,66,70,72,37,47,42,29,0,12,0,12,18,19,0,12,1,6.01,Suffolk County,Massachusetts
1500000US250250006012,649,136,0,12,0,12,18,21,37,30,33,26,193,101,130,55,67,44,69,39,18,18,13,19,0,12,39,29,32,29,2,6.01,Suffolk County,Massachusetts
1500000US250250006013,376,123,20,32,8,13,0,12,13,14,35,37,14,16,93,49,78,53,42,37,28,26,0,12,10,15,26,24,9,14,3,6.01,Suffolk County,Massachusetts
1500000US250250006014,588,156,0,12,25,29,32,27,36,38,44,35,76,41,88,50,58,36,57,56,44,42,8,12,9,14,62,39,49,44,4,6.01,Suffolk County,Massachusetts
1500000US250250006021,827,210,12,17,13,17,12,19,44,38,96,55,166,85,146,97,112,80,47,45,17,26,45,43,17,27,34,51,66,43,1,6.02,Suffolk County,Massachusetts
1500000US250250006022,612,186,0,12,0,12,0,12,19,22,48,60,72,50,137,65,122,60,28,36,73,55,10,17,0,12,84,51,19,21,2,6.02,Suffolk County,Massachusetts
1500000US250250006023,508,167,0,12,11,16,0,12,20,23,15,23,51,47,73,52,189,136,9,14,69,69,0,12,7,11,26,23,38,36,3,6.02,Suffolk County,Massachusetts
1500000US250250007011,494,238,16,18,0,12,0,12,0,12,37,44,44,37,39,47,205,173,51,45,0,12,52,66,0,12,42,45,8,12,1,7.01,Suffolk County,Massachusetts
1500000US250250007012,104,75,0,12,0,12,0,12,0,12,0,12,14,22,0,12,82,68,8,12,0,12,0,12,0,12,0,12,0,12,2,7.01,Suffolk County,Massachusetts
1500000US250250007013,313,171,0,12,0,12,0,12,6,10,29,47,16,27,148,169,42,35,0,12,0,12,38,51,0,12,28,43,6,11,3,7.01,Suffolk County,Massachusetts
1500000US250250007014,433,192,0,12,0,12,0,12,89,126,35,34,63,53,123,91,28,29,66,71,14,22,15,25,0,12,0,12,0,12,4,7.01,Suffolk County,Massachusetts
1500000US250250007015,1087,347,0,12,0,12,18,23,87,105,80,61,142,89,71,48,204,118,167,115,202,149,56,45,0,12,43,69,17,19,5,7.01,Suffolk County,Massachusetts
1500000US250250007031,491,97,0,12,16,17,4,6,38,22,30,38,58,42,41,30,93,52,48,31,44,28,27,20,7,15,43,34,42,29,1,7.03,Suffolk County,Massachusetts
1500000US250250007032,643,154,14,15,0,12,0,12,26,20,0,12,83,71,103,47,118,51,108,61,86,52,17,16,27,26,16,20,45,33,2,7.03,Suffolk County,Massachusetts
1500000US250250007041,1113,307,0,12,0,12,0,12,28,35,31,30,311,144,57,48,178,86,211,118,131,80,28,43,0,12,100,62,38,48,1,7.04,Suffolk County,Massachusetts
1500000US250250007042,471,122,0,12,0,12,0,12,24,36,15,24,58,44,32,37,57,59,41,41,156,79,0,12,0,12,7,11,81,50,2,7.04,Suffolk County,Massachusetts
1500000US250250007043,747,211,0,12,0,12,10,17,0,12,41,37,122,84,184,161,227,120,40,34,44,42,23,37,0,12,38,42,18,29,3,7.04,Suffolk County,Massachusetts
1500000US250250007044,304,153,0,12,0,12,25,30,0,12,8,14,0,12,59,53,37,44,0,12,84,75,8,13,0,12,31,33,52,72,4,7.04,Suffolk County,Massachusetts
1500000US250250008021,651,248,0,12,0,12,0,12,0,12,33,38,43,40,50,54,104,70,66,63,52,70,80,83,17,28,185,102,21,35,1,8.02,Suffolk County,Massachusetts
1500000US250250008022,1163,340,0,12,0,12,14,22,16,26,67,58,141,94,193,109,138,94,74,55,191,127,0,12,122,164,122,70,85,52,2,8.02,Suffolk County,Massachusetts
1500000US250250008023,355,114,0,12,0,12,0,12,14,20,17,28,82,85,82,50,63,64,46,48,29,32,10,17,12,20,0,12,0,12,3,8.02,Suffolk County,Massachusetts
1500000US250250008024,914,277,0,12,0,12,0,12,0,12,83,53,325,202,83,68,130,83,114,82,25,30,16,26,0,12,62,60,76,85,4,8.02,Suffolk County,Massachusetts
1500000US250250008025,823,190,0,12,18,27,0,12,40,44,31,34,44,34,73,52,88,59,153,87,71,68,52,54,50,57,116,56,87,73,5,8.02,Suffolk County,Massachusetts
1500000US250250008031,505,214,0,12,0,12,5,7,0,12,8,10,87,68,34,25,67,41,37,29,114,111,16,19,0,12,101,82,36,30,1,8.03,Suffolk County,Massachusetts
1500000US250250008032,1336,292,17,35,0,12,38,46,0,12,36,35,29,41,61,62,57,77,123,69,139,101,76,60,114,72,316,130,330,153,2,8.03,Suffolk County,Massachusetts
1500000US250250101031,392,138,0,12,0,12,0,12,15,23,5,7,55,43,50,35,56,39,12,13,81,57,0,12,10,22,30,30,78,62,1,101.03,Suffolk County,Massachusetts
1500000US250250101032,385,145,0,12,18,27,0,12,0,12,5,9,8,16,18,27,28,31,12,15,31,31,42,76,55,74,89,45,79,53,2,101.03,Suffolk County,Massachusetts
1500000US250250101033,630,120,13,14,0,12,15,23,13,17,0,12,54,51,61,50,45,25,41,32,42,28,49,33,28,21,157,61,112,45,3,101.03,Suffolk County,Massachusetts
1500000US250250101041,571,109,34,36,0,12,8,14,21,23,24,21,150,60,108,44,104,76,47,24,16,19,17,19,0,12,28,29,14,19,1,101.04,Suffolk County,Massachusetts
1500000US250250101042,1275,229,55,52,12,18,19,38,46,40,48,35,63,40,134,70,139,65,142,64,180,87,49,44,41,43,232,85,115,59,2,101.04,Suffolk County,Massachusetts
1500000US250250101043,580,172,0,12,0,12,0,12,28,36,9,11,80,48,85,52,106,58,41,30,55,42,15,20,14,16,55,40,92,126,3,101.04,Suffolk County,Massachusetts
1500000US250250102031,448,154,18,28,0,12,0,12,0,12,17,25,39,39,59,61,90,60,80,58,72,75,11,18,38,44,24,38,0,12,1,102.03,Suffolk County,Massachusetts
1500000US250250102032,1002,193,11,17,0,12,33,37,0,12,67,42,104,59,148,102,225,94,170,105,139,78,54,36,40,36,0,12,11,18,2,102.03,Suffolk County,Massachusetts
1500000US250250102033,906,175,6,12,13,20,42,39,42,39,50,83,60,50,127,53,200,114,124,74,57,60,15,24,0,12,43,42,127,113,3,102.03,Suffolk County,Massachusetts
1500000US250250102034,129,74,0,12,0,12,0,12,7,11,0,12,32,35,0,12,24,39,26,30,0,12,0,12,0,12,16,25,24,30,4,102.03,Suffolk County,Massachusetts
1500000US250250102041,407,97,15,23,12,16,0,12,0,12,0,12,14,22,33,27,75,54,48,32,24,29,35,25,28,21,85,42,38,26,1,102.04,Suffolk County,Massachusetts
1500000US250250102042,716,184,10,20,0,12,9,14,4,11,27,29,150,113,76,48,53,36,96,50,57,48,34,27,37,29,99,62,64,57,2,102.04,Suffolk County,Massachusetts
1500000US250250102043,392,100,0,12,13,14,10,15,0,12,0,12,54,53,45,35,74,51,41,29,57,46,42,47,0,12,19,21,37,26,3,102.04,Suffolk County,Massachusetts
1500000US250250103001,526,122,0,12,0,12,0,12,14,16,39,26,28,27,46,44,51,39,24,26,64,51,27,25,25,20,105,52,103,48,1,103,Suffolk County,Massachusetts
1500000US250250103002,1695,253,19,18,3,5,24,33,17,24,50,32,64,41,92,50,148,79,181,81,99,55,130,66,102,56,463,131,303,90,2,103,Suffolk County,Massachusetts
1500000US250250104031,338,130,0,12,0,12,0,12,0,12,92,74,50,64,59,69,23,36,73,71,0,12,21,34,0,12,0,12,20,29,1,104.03,Suffolk County,Massachusetts
1500000US250250104032,438,147,0,12,33,46,0,12,0,12,9,14,34,31,35,30,143,90,18,31,91,77,20,33,10,16,13,23,32,43,2,104.03,Suffolk County,Massachusetts
1500000US250250104033,634,215,11,20,34,57,0,12,93,96,8,15,62,51,69,58,67,45,144,113,26,40,0,12,0,12,0,12,120,135,3,104.03,Suffolk County,Massachusetts
1500000US250250104041,918,248,20,32,0,12,15,24,27,27,43,36,39,33,72,63,385,213,20,23,75,59,92,48,6,9,62,48,62,50,1,104.04,Suffolk County,Massachusetts
1500000US250250104042,656,172,4,8,0,12,0,12,24,21,0,12,33,35,39,34,100,69,20,30,112,51,60,40,51,39,140,60,73,39,2,104.04,Suffolk County,Massachusetts
1500000US250250104043,554,129,0,12,9,18,0,12,13,19,4,7,37,22,16,19,61,38,39,31,60,58,14,17,8,17,119,63,174,138,3,104.04,Suffolk County,Massachusetts
1500000US250250104051,1432,231,21,27,8,15,40,36,15,21,7,15,117,65,206,97,206,83,122,53,120,56,63,50,47,33,231,97,229,73,1,104.05,Suffolk County,Massachusetts
1500000US250250104052,985,146,7,14,0,12,10,14,57,41,28,21,47,33,55,35,200,74,80,42,77,42,109,61,51,30,144,51,120,72,2,104.05,Suffolk County,Massachusetts
1500000US250250104053,235,127,6,12,6,12,0,12,0,12,56,63,0,12,11,11,27,44,10,21,61,32,6,12,14,14,22,14,16,11,3,104.05,Suffolk County,Massachusetts
1500000US250250104081,946,97,7,11,4,7,20,31,64,40,54,21,91,40,219,58,131,44,140,54,124,43,33,24,12,12,21,13,26,17,1,104.08,Suffolk County,Massachusetts
1500000US250250105001,371,163,0,12,0,12,0,12,0,12,4,7,101,107,42,38,56,47,41,27,53,45,15,20,6,19,34,36,19,38,1,105,Suffolk County,Massachusetts
1500000US250250105002,457,162,0,12,0,12,7,13,0,12,14,20,114,64,28,40,96,86,51,47,87,64,37,47,8,13,7,11,8,13,2,105,Suffolk County,Massachusetts
1500000US250250105003,718,140,0,12,10,22,18,19,63,46,20,29,82,51,126,63,154,68,74,49,77,61,13,25,33,48,24,25,24,21,3,105,Suffolk County,Massachusetts
1500000US250250106001,1168,257,0,12,0,12,0,12,43,49,55,51,124,57,166,83,268,106,302,159,153,85,21,25,13,21,9,13,14,18,1,106,Suffolk County,Massachusetts
1500000US250250106002,583,150,0,12,0,12,0,12,42,37,18,21,122,67,35,34,131,66,113,77,101,106,13,20,0,12,8,13,0,12,2,106,Suffolk County,Massachusetts
1500000US250250107011,724,142,0,12,7,14,10,20,13,21,23,36,74,68,79,53,199,87,83,55,63,35,45,33,33,32,46,58,49,31,1,107.01,Suffolk County,Massachusetts
1500000US250250107012,606,162,0,12,0,12,9,14,28,24,9,14,64,49,150,126,101,58,159,79,51,45,19,27,0,12,16,19,0,12,2,107.01,Suffolk County,Massachusetts
1500000US250250107013,503,111,17,25,0,12,9,12,0,12,27,28,39,27,51,31,104,50,77,45,60,47,39,39,12,19,7,10,61,60,3,107.01,Suffolk County,Massachusetts
1500000US250250107021,613,134,16,24,0,12,0,12,20,32,11,18,49,38,107,66,213,69,86,59,90,51,18,28,0,12,3,8,0,12,1,107.02,Suffolk County,Massachusetts
1500000US250250107022,591,126,0,12,0,12,0,12,0,12,21,23,44,39,106,70,151,74,76,44,58,35,24,25,8,16,45,44,58,30,2,107.02,Suffolk County,Massachusetts
1500000US250250107023,451,116,0,12,0,12,10,17,4,8,16,19,91,39,108,53,36,25,103,62,50,28,26,26,0,12,7,11,0,12,3,107.02,Suffolk County,Massachusetts
1500000US250250108011,446,116,3,5,4,6,0,12,47,34,38,46,64,37,27,41,119,75,63,31,24,29,4,9,5,10,20,21,28,26,1,108.01,Suffolk County,Massachusetts
1500000US250250108012,710,137,0,12,0,12,2,4,27,25,27,33,121,66,157,66,116,61,117,68,57,39,42,29,0,12,44,48,0,12,2,108.01,Suffolk County,Massachusetts
1500000US250250108013,726,153,0,12,10,15,17,23,24,29,58,58,87,62,154,62,108,50,102,53,104,78,22,26,24,30,0,12,16,17,3,108.01,Suffolk County,Massachusetts
1500000US250250108021,600,117,0,12,0,12,8,13,14,15,58,66,28,27,81,52,201,75,94,53,36,31,47,28,0,12,30,25,3,7,1,108.02,Suffolk County,Massachusetts
1500000US250250108022,1017,191,8,12,13,18,9,14,75,73,36,28,83,50,122,68,208,73,235,106,133,87,21,21,6,9,29,30,39,33,2,108.02,Suffolk County,Massachusetts
1500000US250250108023,325,74,0,12,0,12,0,12,31,46,23,20,29,26,7,13,71,39,102,51,50,38,12,18,0,12,0,12,0,12,3,108.02,Suffolk County,Massachusetts
1500000US250250201011,362,154,0,12,0,12,0,12,18,28,0,12,31,40,95,127,145,91,42,48,31,36,0,12,0,12,0,12,0,12,1,201.01,Suffolk County,Massachusetts
1500000US250250201012,612,242,18,28,0,12,0,12,65,101,0,12,89,103,134,92,109,108,69,67,95,76,0,12,16,25,0,12,17,26,2,201.01,Suffolk County,Massachusetts
1500000US250250201013,733,205,28,47,20,32,0,12,0,12,55,55,97,69,155,81,94,70,94,68,118,81,20,35,0,12,0,12,52,88,3,201.01,Suffolk County,Massachusetts
1500000US250250201014,986,289,0,12,0,12,32,47,53,57,89,72,13,21,118,102,274,254,204,101,115,107,22,35,42,49,13,19,11,17,4,201.01,Suffolk County,Massachusetts
1500000US250250202001,1020,237,0,12,0,12,0,12,0,12,17,26,49,46,423,176,286,127,64,43,39,46,83,69,0,12,18,19,41,52,1,202,Suffolk County,Massachusetts
1500000US250250202002,1022,199,0,12,13,22,34,50,0,12,95,69,78,69,129,72,247,112,282,145,93,61,23,28,0,12,6,10,22,29,2,202,Suffolk County,Massachusetts
1500000US250250202003,777,173,0,12,40,42,12,20,43,38,77,59,61,63,120,90,185,98,134,65,51,44,0,12,0,12,54,63,0,12,3,202,Suffolk County,Massachusetts
1500000US250250203011,24,43,0,12,0,12,0,12,0,12,0,12,0,12,0,12,0,12,0,12,0,12,0,12,11,22,13,22,0,12,1,203.01,Suffolk County,Massachusetts
1500000US250250203012,1362,218,62,85,32,28,16,17,160,81,167,130,151,79,183,91,252,90,195,76,61,34,21,21,0,12,0,12,62,45,2,203.01,Suffolk County,Massachusetts
1500000US250250203021,776,95,0,12,0,12,0,12,42,34,25,21,126,54,146,65,137,63,180,62,53,34,4,7,0,12,13,15,50,35,1,203.02,Suffolk County,Massachusetts
1500000US250250203031,694,197,0,12,11,16,10,15,0,12,61,47,30,27,77,39,309,170,113,54,27,26,21,23,0,12,18,19,17,18,1,203.03,Suffolk County,Massachusetts
1500000US250250203032,297,122,4,8,9,15,0,12,32,41,0,12,10,15,28,25,95,55,52,34,51,56,0,12,0,12,0,12,16,18,2,203.03,Suffolk County,Massachusetts
1500000US250250203033,645,172,9,15,0,12,0,12,16,18,19,22,50,37,166,128,123,69,97,47,69,56,21,23,8,13,30,47,37,29,3,203.03,Suffolk County,Massachusetts
1500000US250250301001,1087,209,0,12,18,19,0,12,52,36,137,128,100,56,84,64,184,79,304,145,109,77,46,62,6,10,20,21,27,22,1,301,Suffolk County,Massachusetts
1500000US250250301002,494,115,30,48,0,12,0,12,29,24,34,33,92,56,38,29,79,51,146,49,0,12,19,21,0,12,0,12,27,27,2,301,Suffolk County,Massachusetts
1500000US250250302001,1189,180,23,36,9,15,23,35,7,10,54,47,190,107,164,74,316,125,187,82,35,32,53,45,0,12,38,39,90,60,1,302,Suffolk County,Massachusetts
1500000US250250303001,1182,260,0,12,14,22,29,45,68,78,48,40,116,102,185,104,304,140,178,113,148,145,0,12,0,12,0,12,92,88,1,303,Suffolk County,Massachusetts
1500000US250250303002,620,190,14,33,28,65,19,23,0,12,68,65,6,14,50,41,84,85,218,102,60,42,16,25,0,12,5,13,52,61,2,303,Suffolk County,Massachusetts
1500000US250250303003,668,178,61,66,0,12,56,63,21,29,34,41,100,110,47,76,79,50,84,56,44,55,37,37,9,18,56,62,40,29,3,303,Suffolk County,Massachusetts
1500000US250250303004,470,163,0,12,0,12,0,12,66,92,0,12,0,12,68,76,196,102,59,64,42,39,0,12,0,12,25,29,14,23,4,303,Suffolk County,Massachusetts
1500000US250250304001,1309,240,20,22,14,23,26,27,31,49,27,26,70,64,223,86,297,144,356,179,140,67,34,32,0,12,32,34,39,34,1,304,Suffolk County,Massachusetts
1500000US250250304002,852,142,15,24,0,12,43,57,16,19,6,9,99,52,106,57,334,95,57,37,110,79,0,12,0,12,0,12,66,54,2,304,Suffolk County,Massachusetts
1500000US250250305001,356,95,0,12,0,12,0,12,30,33,20,29,38,36,52,39,70,34,59,35,50,34,37,35,0,12,0,12,0,12,1,305,Suffolk County,Massachusetts
1500000US250250305002,784,147,0,12,0,12,0,12,33,25,59,42,123,65,31,24,265,100,149,65,51,45,0,12,8,13,0,12,65,39,2,305,Suffolk County,Massachusetts
1500000US250250305003,759,183,0,12,21,34,8,13,0,12,56,60,185,106,67,43,142,84,189,71,69,41,0,12,22,36,0,12,0,12,3,305,Suffolk County,Massachusetts
1500000US250250401001,524,105,6,9,0,12,0,12,12,14,56,42,58,38,112,66,60,43,86,55,62,64,45,31,8,13,0,12,19,19,1,401,Suffolk County,Massachusetts
1500000US250250401002,987,204,30,45,0,12,0,12,35,30,37,30,126,60,182,91,260,112,102,42,79,62,0,12,0,12,10,16,126,122,2,401,Suffolk County,Massachusetts
1500000US250250402001,254,119,0,12,33,43,0,12,18,14,37,43,28,30,6,10,56,41,0,12,4,8,0,12,0,12,42,44,30,32,1,402,Suffolk County,Massachusetts
1500000US250250402002,436,85,0,12,0,12,29,26,10,12,25,17,36,22,66,40,105,39,49,24,57,36,11,14,13,21,13,17,22,18,2,402,Suffolk County,Massachusetts
1500000US250250403001,256,100,0,12,0,12,0,12,0,12,25,38,39,38,33,25,89,74,30,47,28,32,0,12,12,21,0,12,0,12,1,403,Suffolk County,Massachusetts
1500000US250250403002,826,167,11,17,8,13,10,16,47,37,95,109,41,36,226,95,140,60,112,55,46,33,35,33,0,12,12,19,43,35,2,403,Suffolk County,Massachusetts
1500000US250250403003,421,126,10,15,0,12,29,25,53,53,48,32,86,52,41,34,83,61,19,22,19,22,8,13,10,17,0,12,15,17,3,403,Suffolk County,Massachusetts
1500000US250250403004,545,132,0,12,0,12,20,21,9,14,9,14,70,65,143,82,142,55,43,35,54,36,0,12,0,12,21,23,34,31,4,403,Suffolk County,Massachusetts
1500000US250250403005,453,114,0,12,0,12,18,20,29,27,9,14,98,63,86,53,89,49,40,31,37,37,0,12,11,17,10,15,26,23,5,403,Suffolk County,Massachusetts
1500000US250250404011,975,194,0,12,36,50,71,44,62,61,35,29,147,79,84,53,263,129,119,49,75,67,30,46,18,30,10,16,25,33,1,404.01,Suffolk County,Massachusetts
1500000US250250404012,394,142,0,12,8,13,19,29,9,15,8,14,47,42,106,62,120,66,38,56,0,12,30,44,0,12,0,12,9,15,2,404.01,Suffolk County,Massachusetts
1500000US250250406001,838,151,0,12,0,12,27,33,74,56,27,30,107,58,220,82,182,72,52,34,49,33,56,46,0,12,13,16,31,26,1,406,Suffolk County,Massachusetts
1500000US250250406002,1298,240,13,20,0,12,38,32,147,80,179,89,172,94,66,48,366,152,193,108,44,32,29,28,16,19,21,25,14,20,2,406,Suffolk County,Massachusetts
1500000US250250408011,295,107,11,17,9,14,9,13,24,27,46,43,0,12,14,24,28,29,27,20,25,34,0,12,0,12,51,52,51,64,1,408.01,Suffolk County,Massachusetts
1500000US250250408012,338,151,29,48,0,12,0,12,12,13,9,16,37,31,4,8,59,61,18,20,31,32,7,13,39,39,90,77,3,6,2,408.01,Suffolk County,Massachusetts
1500000US250250408013,1529,205,0,12,12,20,37,37,98,62,68,43,148,77,282,90,501,164,186,72,119,52,17,23,17,20,20,24,24,21,3,408.01,Suffolk County,Massachusetts
1500000US250250501011,997,288,57,52,19,31,78,87,146,80,85,63,27,32,38,28,73,57,33,27,173,133,46,45,0,12,78,66,144,119,1,501.01,Suffolk County,Massachusetts
1500000US250250501012,782,168,28,34,0,12,32,41,74,86,82,54,148,81,58,50,57,42,12,19,30,27,0,12,0,12,100,81,161,99,2,501.01,Suffolk County,Massachusetts
1500000US250250501013,795,185,50,45,93,60,12,18,63,67,26,23,104,69,105,59,100,63,72,44,11,16,19,29,31,36,52,67,57,41,3,501.01,Suffolk County,Massachusetts
1500000US250250502001,1318,407,43,47,73,59,42,50,207,153,22,25,143,96,137,86,77,81,14,22,241,152,0,12,50,55,178,122,91,70,1,502,Suffolk County,Massachusetts
1500000US250250502002,568,209,18,21,0,12,12,18,54,39,47,48,52,36,0,12,97,110,83,69,52,42,11,19,35,52,68,60,39,49,2,502,Suffolk County,Massachusetts
1500000US250250502003,582,240,74,74,66,63,29,44,104,103,50,70,0,12,11,19,84,66,33,41,8,14,0,12,12,19,77,68,34,41,3,502,Suffolk County,Massachusetts
1500000US250250502004,990,397,29,46,131,117,100,88,103,109,46,56,75,72,0,12,100,103,41,65,117,79,0,12,0,12,131,132,117,100,4,502,Suffolk County,Massachusetts
1500000US250250503001,350,118,12,18,42,55,0,12,0,12,17,25,31,38,3,7,0,12,0,12,86,50,0,12,0,12,56,49,103,68,1,503,Suffolk County,Massachusetts
1500000US250250503002,356,91,0,12,5,8,27,33,5,9,16,25,45,27,82,25,10,12,18,17,37,31,22,18,0,12,18,26,71,42,2,503,Suffolk County,Massachusetts
1500000US250250504001,494,158,0,12,34,34,36,37,0,12,24,25,70,47,46,34,42,36,9,7,87,79,0,12,16,24,45,44,85,52,1,504,Suffolk County,Massachusetts
1500000US250250504002,1103,207,56,46,88,65,93,71,92,41,24,30,148,56,92,40,76,42,49,38,39,29,101,83,79,63,133,79,33,38,2,504,Suffolk County,Massachusetts
1500000US250250505001,1353,196,88,59,83,56,92,67,135,89,61,38,209,64,86,47,113,48,83,44,119,66,31,30,34,34,153,74,66,47,1,505,Suffolk County,Massachusetts
1500000US250250506001,888,208,0,12,112,116,21,26,120,75,30,33,89,56,58,42,114,68,44,38,82,61,0,12,0,12,132,75,86,71,1,506,Suffolk County,Massachusetts
1500000US250250506002,842,274,50,47,30,42,9,11,48,49,57,51,172,112,60,39,127,81,55,42,51,46,41,36,0,12,80,82,62,52,2,506,Suffolk County,Massachusetts
1500000US250250507001,1525,271,108,88,16,25,0,12,235,122,86,58,250,104,240,137,146,98,63,69,87,64,138,79,0,12,100,68,56,53,1,507,Suffolk County,Massachusetts
1500000US250250507002,808,239,116,73,38,37,0,12,91,67,51,46,64,64,105,61,19,21,0,12,135,94,11,16,9,16,83,63,86,55,2,507,Suffolk County,Massachusetts
1500000US250250507003,669,277,0,12,11,17,0,12,62,58,0,12,128,100,58,57,33,43,52,84,33,40,59,55,19,30,129,94,85,55,3,507,Suffolk County,Massachusetts
1500000US250250509011,1037,263,5,12,42,43,0,12,185,111,105,88,118,70,17,19,42,43,60,48,105,80,36,47,67,57,154,80,101,91,1,509.01,Suffolk County,Massachusetts
1500000US250250509012,1196,232,61,58,142,82,26,39,96,57,50,41,227,99,42,39,150,77,23,27,55,47,70,48,39,32,146,91,69,54,2,509.01,Suffolk County,Massachusetts
1500000US250250509013,438,186,25,37,7,12,0,12,88,81,34,31,45,36,11,18,18,24,23,37,36,42,46,50,9,14,58,53,38,47,3,509.01,Suffolk County,Massachusetts
1500000US250250510001,1257,280,18,31,26,25,89,71,111,73,74,58,142,73,112,67,142,83,113,64,103,80,92,62,49,55,83,65,103,66,1,510,Suffolk County,Massachusetts
1500000US250250510002,349,123,0,12,6,9,0,12,68,59,12,17,25,25,47,38,27,40,19,25,53,53,13,21,0,12,32,32,47,49,2,510,Suffolk County,Massachusetts
1500000US250250510003,560,183,11,17,74,63,0,12,38,37,7,11,115,85,111,94,40,32,41,53,31,30,28,44,0,12,31,44,33,51,3,510,Suffolk County,Massachusetts
1500000US250250511011,1643,560,56,89,210,151,0,12,0,12,178,153,326,177,140,92,143,77,119,106,108,82,49,81,0,12,17,27,297,162,1,511.01,Suffolk County,Massachusetts
1500000US250250511012,743,288,110,105,17,27,67,84,0,12,0,12,98,85,89,75,165,137,59,45,0,12,67,81,0,12,0,12,71,76,2,511.01,Suffolk County,Massachusetts
1500000US250250511013,920,440,70,95,136,113,40,48,69,99,86,108,89,116,53,51,139,91,18,28,57,73,34,38,0,12,0,12,129,89,3,511.01,Suffolk County,Massachusetts
1500000US250250511014,732,274,124,86,33,37,0,12,41,45,17,27,31,48,68,81,72,56,18,30,78,87,115,127,41,48,69,85,25,40,4,511.01,Suffolk County,Massachusetts
1500000US250250512001,104,87,0,12,0,12,0,12,0,12,0,12,27,24,17,28,46,73,0,12,0,12,14,21,0,12,0,12,0,12,1,512,Suffolk County,Massachusetts
1500000US250250512002,792,148,85,64,28,43,45,46,82,91,63,58,117,67,58,44,107,75,49,53,19,23,26,37,23,29,80,53,10,17,2,512,Suffolk County,Massachusetts
1500000US250250512003,520,130,0,12,0,12,41,44,0,12,11,16,43,31,33,28,142,58,118,63,41,42,16,20,19,30,56,45,0,12,3,512,Suffolk County,Massachusetts
1500000US250250601011,690,194,7,13,0,12,18,27,74,83,145,85,136,61,53,39,89,66,63,47,18,21,15,18,0,12,33,26,39,33,1,601.01,Suffolk County,Massachusetts
1500000US250250601012,429,108,0,12,0,12,7,11,16,13,55,44,99,59,53,36,118,51,34,28,18,21,0,12,0,12,19,21,10,15,2,601.01,Suffolk County,Massachusetts
1500000US250250601013,643,162,9,14,39,40,0,12,24,29,50,39,115,65,88,59,154,80,111,63,26,31,0,12,0,12,24,26,3,6,3,601.01,Suffolk County,Massachusetts
1500000US250250601014,543,135,42,46,22,35,0,12,28,33,50,39,50,41,65,38,100,71,77,45,90,90,0,12,0,12,0,12,19,29,4,601.01,Suffolk County,Massachusetts
1500000US250250602001,708,149,0,12,19,29,9,10,58,44,66,54,142,60,88,47,205,60,64,33,8,10,27,28,0,12,0,12,22,12,1,602,Suffolk County,Massachusetts
1500000US250250602002,887,189,0,12,31,31,24,37,99,63,29,24,195,85,184,67,122,50,90,43,35,25,25,32,16,26,24,22,13,14,2,602,Suffolk County,Massachusetts
1500000US250250603011,961,231,0,12,0,12,84,92,81,46,43,35,173,84,120,69,166,101,174,88,16,20,22,22,30,44,45,55,7,11,1,603.01,Suffolk County,Massachusetts
1500000US250250603012,471,236,0,12,9,14,10,14,43,31,29,26,14,18,104,81,170,165,8,11,10,14,64,72,0,12,10,15,0,12,2,603.01,Suffolk County,Massachusetts
1500000US250250603013,982,213,11,15,13,16,23,37,76,60,156,86,80,59,114,74,212,93,113,81,20,19,6,11,0,12,78,77,80,75,3,603.01,Suffolk County,Massachusetts
1500000US250250604001,833,303,45,57,0,12,0,12,82,94,98,155,156,107,147,104,156,136,85,75,42,50,0,12,22,35,0,12,0,12,1,604,Suffolk County,Massachusetts
1500000US250250604002,1010,288,44,65,73,76,14,22,54,54,124,130,89,61,80,58,305,178,16,26,90,103,107,124,0,12,13,21,1,2,2,604,Suffolk County,Massachusetts
1500000US250250604003,600,347,0,12,0,12,0,12,0,12,105,105,163,129,25,30,200,151,74,79,0,12,0,12,0,12,0,12,33,37,3,604,Suffolk County,Massachusetts
1500000US250250604004,567,163,0,12,0,12,0,12,0,12,31,49,114,87,102,69,183,116,61,78,0,12,0,12,0,12,43,67,33,52,4,604,Suffolk County,Massachusetts
1500000US250250604005,368,199,0,12,0,12,0,12,17,20,13,21,59,53,9,20,98,62,0,12,106,89,66,105,0,12,0,12,0,12,5,604,Suffolk County,Massachusetts
1500000US250250605011,580,170,0,12,0,12,17,20,30,29,51,40,86,83,150,72,132,77,57,40,44,50,0,12,0,12,13,17,0,12,1,605.01,Suffolk County,Massachusetts
1500000US250250605012,814,188,17,18,11,20,47,43,118,73,61,52,78,55,180,99,79,58,55,40,41,38,88,68,0,12,23,36,16,20,2,605.01,Suffolk County,Massachusetts
1500000US250250605013,615,186,26,25,8,14,80,49,21,25,7,11,128,79,87,47,131,59,72,38,15,18,33,43,0,12,0,12,7,11,3,605.01,Suffolk County,Massachusetts
1500000US250250605014,539,186,0,12,30,46,36,44,78,62,0,12,23,25,48,44,79,50,88,91,99,98,28,44,0,12,24,38,6,11,4,605.01,Suffolk County,Massachusetts
1500000US250250605015,439,128,0,12,31,35,0,12,16,17,41,32,180,90,36,29,65,48,0,12,8,12,8,12,8,13,23,23,23,27,5,605.01,Suffolk County,Massachusetts
1500000US250250606001,2194,189,0,12,36,36,20,22,110,77,157,82,291,111,394,150,519,186,333,105,119,68,30,29,11,18,72,57,102,66,1,606,Suffolk County,Massachusetts
1500000US250250607001,216,60,0,12,10,16,20,23,9,14,45,33,8,11,27,26,29,24,18,20,24,22,0,12,0,12,20,22,6,7,1,607,Suffolk County,Massachusetts
1500000US250250607002,489,118,0,12,0,12,24,25,31,31,40,42,24,27,20,26,47,36,27,25,60,43,31,28,0,12,123,55,62,48,2,607,Suffolk County,Massachusetts
1500000US250250608001,421,198,20,31,0,12,0,12,0,12,78,90,110,122,54,48,59,49,0,12,21,32,28,37,0,12,51,61,0,12,1,608,Suffolk County,Massachusetts
1500000US250250608002,547,203,0,12,0,12,0,12,79,82,101,58,22,33,64,67,45,59,117,87,66,71,0,12,0,12,53,68,0,12,2,608,Suffolk County,Massachusetts
1500000US250250608003,1025,432,0,12,7,14,0,12,101,102,51,84,47,56,82,63,372,222,241,252,84,85,20,33,0,12,13,20,7,13,3,608,Suffolk County,Massachusetts
1500000US250250608004,1347,359,23,35,22,35,32,48,168,119,35,45,307,176,195,119,162,94,127,78,190,132,0,12,0,12,38,60,48,42,4,608,Suffolk County,Massachusetts
1500000US250250610001,834,207,48,75,20,23,30,49,53,44,79,53,104,57,70,53,197,97,66,42,54,37,0,12,10,16,53,40,50,55,1,610,Suffolk County,Massachusetts
1500000US250250610002,284,115,0,12,8,16,12,21,11,18,30,45,31,33,0,12,80,65,57,48,0,12,0,12,0,12,31,34,24,27,2,610,Suffolk County,Massachusetts
1500000US250250610003,161,130,31,48,0,12,0,12,0,12,12,20,30,48,9,14,0,12,4,7,23,35,11,15,0,12,8,12,33,51,3,610,Suffolk County,Massachusetts
1500000US250250611011,179,55,0,12,5,8,0,12,7,10,32,21,4,8,16,18,40,35,16,22,13,20,16,17,0,12,14,14,16,17,1,611.01,Suffolk County,Massachusetts
1500000US250250611012,466,98,16,16,0,12,11,11,28,24,15,15,8,10,47,31,71,35,36,34,59,33,59,45,0,12,99,47,17,15,2,611.01,Suffolk County,Massachusetts
1500000US250250612001,1893,257,100,68,0,12,7,11,67,49,106,66,184,104,335,157,479,168,231,109,142,81,44,34,21,25,41,30,136,68,1,612,Suffolk County,Massachusetts
1500000US250250612002,441,172,31,49,0,12,0,12,7,11,7,11,29,27,63,56,87,64,135,82,44,46,8,12,7,12,17,26,6,11,2,612,Suffolk County,Massachusetts
1500000US250250612003,757,281,0,12,0,12,17,20,81,86,46,39,90,66,200,132,107,81,113,73,19,21,12,19,0,12,48,31,24,23,3,612,Suffolk County,Massachusetts
1500000US250250701011,683,191,0,12,0,12,0,12,13,20,54,66,139,89,21,25,163,77,115,111,37,51,14,25,11,19,58,52,58,47,1,701.01,Suffolk County,Massachusetts
1500000US250250701012,167,128,0,12,0,12,0,12,23,38,73,100,0,12,0,12,19,31,0,12,10,22,0,12,0,12,42,53,0,12,2,701.01,Suffolk County,Massachusetts
1500000US250250701013,459,174,0,12,13,30,14,22,46,82,33,40,16,24,11,18,41,46,111,97,140,133,0,12,0,12,34,53,0,12,3,701.01,Suffolk County,Massachusetts
1500000US250250701014,711,191,9,20,0,12,0,12,48,60,16,26,107,71,81,64,175,102,66,60,79,61,19,20,16,23,37,40,58,37,4,701.01,Suffolk County,Massachusetts
1500000US250250701015,88,60,0,12,0,12,0,12,4,10,0,12,16,24,36,40,9,14,0,12,23,30,0,12,0,12,0,12,0,12,5,701.01,Suffolk County,Massachusetts
1500000US250250701016,304,103,0,12,0,12,0,12,0,12,0,12,28,46,19,30,131,100,55,53,54,63,0,12,0,12,17,26,0,12,6,701.01,Suffolk County,Massachusetts
1500000US250250701017,563,158,0,12,0,12,0,12,48,56,0,12,26,40,63,54,86,69,112,93,175,111,16,26,16,27,0,12,21,33,7,701.01,Suffolk County,Massachusetts
1500000US250250701018,239,122,0,12,0,12,0,12,34,39,0,12,34,34,21,35,106,86,28,32,0,12,9,17,0,12,0,12,7,17,8,701.01,Suffolk County,Massachusetts
1500000US250250702001,591,250,0,12,0,12,0,12,107,84,0,12,47,34,18,19,44,56,38,33,40,36,103,85,49,66,129,96,16,33,1,702,Suffolk County,Massachusetts
1500000US250250702002,584,180,0,12,10,16,10,17,22,26,0,12,85,86,23,21,58,44,68,41,56,47,167,84,31,50,37,29,17,19,2,702,Suffolk County,Massachusetts
1500000US250250702003,1141,229,0,12,16,21,0,12,11,21,51,57,62,46,129,63,63,47,101,86,135,70,85,65,39,49,226,75,223,97,3,702,Suffolk County,Massachusetts
1500000US250250703001,570,152,0,12,54,65,16,25,14,22,77,59,6,14,69,53,35,39,38,41,133,101,13,22,88,78,27,31,0,12,1,703,Suffolk County,Massachusetts
1500000US250250703002,654,201,0,12,0,12,0,12,27,43,18,30,48,52,137,102,234,193,96,74,15,23,14,22,0,12,0,12,65,76,2,703,Suffolk County,Massachusetts
1500000US250250703003,703,203,19,29,69,92,8,14,0,12,40,45,142,129,128,98,88,68,174,112,0,12,20,29,0,12,0,12,15,23,3,703,Suffolk County,Massachusetts
1500000US250250703004,971,203,0,12,6,16,33,37,30,40,96,57,107,79,90,75,339,137,133,77,84,65,33,42,0,12,0,12,20,33,4,703,Suffolk County,Massachusetts
1500000US250250704021,774,99,21,26,9,11,3,5,43,27,18,17,106,40,65,28,104,47,107,40,96,39,102,44,16,13,77,36,7,7,1,704.02,Suffolk County,Massachusetts
1500000US250250705001,1475,308,0,12,0,12,62,75,14,23,72,54,155,102,333,131,431,212,212,137,172,102,0,12,0,12,4,10,20,31,1,705,Suffolk County,Massachusetts
1500000US250250705002,297,185,0,12,0,12,15,30,16,25,73,86,16,26,16,31,42,65,37,38,61,90,0,12,0,12,0,12,21,40,2,705,Suffolk County,Massachusetts
1500000US250250705003,973,255,16,37,0,12,0,12,0,12,85,62,270,215,110,90,169,92,199,109,17,28,0,12,31,45,0,12,76,97,3,705,Suffolk County,Massachusetts
1500000US250250705004,882,321,0,12,0,12,0,12,101,99,21,34,72,70,104,83,92,66,119,78,33,39,91,111,24,37,159,139,66,67,4,705,Suffolk County,Massachusetts
1500000US250250706001,582,160,9,14,0,12,0,12,0,12,35,52,80,52,146,83,173,79,84,44,35,34,9,13,0,12,0,12,11,17,1,706,Suffolk County,Massachusetts
1500000US250250706002,820,131,0,12,0,12,9,13,20,21,11,18,182,102,77,44,236,76,180,79,23,26,12,18,0,12,9,14,61,38,2,706,Suffolk County,Massachusetts
1500000US250250707001,730,174,0,12,0,12,0,12,49,49,6,9,112,75,73,44,180,97,120,73,83,63,14,25,0,12,38,39,55,49,1,707,Suffolk County,Massachusetts
1500000US250250707002,942,183,39,37,0,12,13,19,52,52,69,51,159,92,217,83,251,116,81,48,47,40,4,8,0,12,0,12,10,15,2,707,Suffolk County,Massachusetts
1500000US250250708001,999,255,0,12,0,12,36,40,0,12,8,15,238,202,262,177,153,87,144,97,102,85,0,12,0,12,22,36,34,43,1,708,Suffolk County,Massachusetts
1500000US250250708002,747,349,0,12,0,12,0,12,68,95,71,82,70,49,11,14,243,113,113,117,137,116,34,54,0,12,0,12,0,12,2,708,Suffolk County,Massachusetts
1500000US250250708003,558,184,0,12,0,12,0,12,14,24,0,12,24,38,134,87,138,84,78,69,56,66,0,12,0,12,77,80,37,40,3,708,Suffolk County,Massachusetts
1500000US250250709001,1273,189,7,11,67,50,16,18,24,27,27,25,228,82,204,77,235,77,206,74,90,52,20,22,41,42,45,32,63,43,1,709,Suffolk County,Massachusetts
1500000US250250709002,464,152,22,27,0,12,0,12,32,38,25,26,94,69,26,21,112,68,80,65,41,41,10,15,0,12,9,14,13,20,2,709,Suffolk County,Massachusetts
1500000US250250711011,771,216,0,12,110,75,56,53,0,12,69,62,68,57,80,54,136,87,46,55,179,118,0,12,0,12,19,33,8,14,1,711.01,Suffolk County,Massachusetts
1500000US250250711012,1005,267,7,18,0,12,14,23,18,25,88,64,181,92,201,106,164,95,78,66,78,53,131,102,0,12,45,48,0,12,2,711.01,Suffolk County,Massachusetts
1500000US250250711013,227,122,0,12,0,12,0,12,0,12,19,30,49,64,1,11,68,53,29,34,0,12,0,12,24,38,37,54,0,12,3,711.01,Suffolk County,Massachusetts
1500000US250250712011,904,185,16,36,11,18,10,17,34,30,86,75,85,52,107,56,201,95,156,68,66,76,59,42,29,30,17,20,27,62,1,712.01,Suffolk County,Massachusetts
1500000US250250712012,397,137,0,12,27,30,11,16,23,25,9,14,49,46,84,79,33,30,22,25,43,51,8,15,0,12,22,22,66,70,2,712.01,Suffolk County,Massachusetts
1500000US250250801001,603,110,47,44,0,12,38,37,29,21,29,33,122,62,42,31,30,29,63,50,32,29,0,12,28,26,82,48,61,42,1,801,Suffolk County,Massachusetts
1500000US250250801002,205,66,0,12,0,12,20,29,20,21,14,17,32,27,11,18,5,7,24,21,6,9,10,15,0,12,4,6,59,43,2,801,Suffolk County,Massachusetts
1500000US250250803001,974,158,20,20,0,12,18,16,43,41,49,30,91,44,107,55,287,129,51,43,20,23,33,23,38,33,118,58,99,70,1,803,Suffolk County,Massachusetts
1500000US250250804011,653,151,20,31,12,16,37,35,38,43,10,18,77,60,65,42,137,75,37,36,70,53,0,12,21,23,45,33,84,48,1,804.01,Suffolk County,Massachusetts
1500000US250250804012,607,148,0,12,0,12,16,20,66,41,60,70,75,64,24,30,79,41,70,53,104,64,0,12,0,12,68,55,45,44,2,804.01,Suffolk County,Massachusetts
1500000US250250805001,493,154,37,33,18,28,0,12,24,29,31,38,23,26,71,45,96,61,0,12,86,77,0,12,12,20,63,55,32,39,1,805,Suffolk County,Massachusetts
1500000US250250805002,775,175,28,27,100,75,48,38,49,49,54,50,60,50,0,12,126,80,20,32,96,62,8,13,16,18,50,40,120,74,2,805,Suffolk County,Massachusetts
1500000US250250806011,1134,223,42,38,9,17,0,12,27,38,66,39,38,33,103,62,170,86,87,50,134,64,57,42,43,51,237,111,121,59,1,806.01,Suffolk County,Massachusetts
1500000US250250806012,165,65,7,12,8,10,0,12,2,5,19,21,7,9,0,12,3,6,39,35,2,6,0,12,16,25,19,25,43,37,2,806.01,Suffolk County,Massachusetts
1500000US250250806013,122,70,5,8,0,12,0,12,14,22,12,17,0,12,28,28,35,27,0,12,0,12,0,12,0,12,19,30,9,10,3,806.01,Suffolk County,Massachusetts
1500000US250250808011,933,208,32,43,27,42,0,12,68,56,86,66,41,33,93,54,72,53,60,37,60,50,57,39,30,28,178,87,129,78,1,808.01,Suffolk County,Massachusetts
1500000US250250808012,689,167,28,25,6,9,20,23,72,68,26,21,58,50,46,32,109,55,37,35,22,26,51,44,0,12,55,53,159,74,2,808.01,Suffolk County,Massachusetts
1500000US250250809001,592,125,0,12,20,21,24,27,63,44,12,14,31,29,45,30,119,63,99,51,115,78,14,16,30,32,12,19,8,11,1,809,Suffolk County,Massachusetts
1500000US250250809002,966,231,17,27,48,66,11,18,42,32,53,39,136,74,8,12,88,116,99,77,229,92,20,25,2,4,103,90,110,59,2,809,Suffolk County,Massachusetts
1500000US250250809003,486,157,0,12,8,14,15,24,14,18,72,57,43,35,18,19,46,34,84,59,35,42,47,45,0,12,49,51,55,57,3,809,Suffolk County,Massachusetts
1500000US250250810011,280,125,0,12,0,12,11,18,72,64,37,38,60,62,0,12,16,24,0,12,44,53,15,25,4,7,21,25,0,12,1,810.01,Suffolk County,Massachusetts
1500000US250250810012,913,239,26,42,37,62,0,12,38,47,54,55,99,78,103,72,125,92,59,64,79,72,66,56,0,12,131,102,96,78,2,810.01,Suffolk County,Massachusetts
1500000US250250810013,546,284,19,32,0,12,0,12,19,28,49,78,0,12,59,76,134,151,42,42,47,53,78,84,34,55,48,50,17,27,3,810.01,Suffolk County,Massachusetts
1500000US250250810014,516,203,0,12,15,24,52,82,18,23,0,12,53,39,31,36,188,129,16,19,0,12,17,29,0,12,10,18,116,94,4,810.01,Suffolk County,Massachusetts
1500000US250250811001,527,146,0,12,0,12,10,17,5,11,59,43,73,52,84,51,85,54,8,13,63,58,20,25,0,12,39,34,81,80,1,811,Suffolk County,Massachusetts
1500000US250250811002,904,205,23,26,24,29,0,12,43,45,42,29,110,62,25,23,212,98,39,35,209,103,29,28,19,20,74,47,55,36,2,811,Suffolk County,Massachusetts
1500000US250250811003,417,95,0,12,6,9,0,12,9,14,25,26,20,19,34,27,107,68,37,31,92,60,32,28,10,11,14,16,31,27,3,811,Suffolk County,Massachusetts
1500000US250250812001,599,178,36,39,0,12,0,12,100,53,24,31,15,19,27,30,124,69,25,27,14,23,40,40,0,12,95,50,99,64,1,812,Suffolk County,Massachusetts
1500000US250250812002,824,198,0,12,12,16,0,12,20,24,78,49,78,43,94,67,114,61,120,66,96,82,11,17,0,12,84,65,117,162,2,812,Suffolk County,Massachusetts
1500000US250250813001,553,332,0,12,0,12,0,12,0,12,14,36,178,181,65,71,46,63,15,25,88,100,21,31,58,61,11,39,57,75,1,813,Suffolk County,Massachusetts
1500000US250250813002,956,407,15,24,0,12,0,12,0,12,25,25,108,108,18,36,174,147,0,12,99,108,50,77,0,12,340,194,127,93,2,813,Suffolk County,Massachusetts
1500000US250250813003,632,276,0,12,0,12,25,42,0,12,0,12,239,131,106,72,51,41,92,96,19,33,0,12,0,12,100,113,0,12,3,813,Suffolk County,Massachusetts
1500000US250250814001,470,173,0,12,7,10,12,17,32,31,41,34,61,61,45,39,88,55,17,15,39,63,48,49,0,12,38,38,42,40,1,814,Suffolk County,Massachusetts
1500000US250250814002,324,150,22,35,0,12,7,10,0,12,9,15,10,16,31,23,63,63,58,55,25,23,0,12,9,15,46,73,44,52,2,814,Suffolk County,Massachusetts
1500000US250250814003,782,176,12,18,0,12,0,12,24,22,40,34,104,73,123,67,164,91,55,46,133,73,54,41,6,9,42,42,25,26,3,814,Suffolk County,Massachusetts
1500000US250250815001,387,116,14,23,10,15,0,12,8,11,35,30,30,24,25,24,75,39,35,35,22,19,31,25,0,12,40,34,62,57,1,815,Suffolk County,Massachusetts
1500000US250250815002,610,173,20,28,37,32,12,15,56,57,53,38,68,39,58,41,94,53,41,49,28,36,16,20,11,17,84,53,32,26,2,815,Suffolk County,Massachusetts
1500000US250250817001,115,57,0,12,0,12,0,12,0,12,0,12,31,38,27,31,16,25,0,12,0,12,1,7,15,25,15,24,10,16,1,817,Suffolk County,Massachusetts
1500000US250250817002,228,82,0,12,12,20,28,46,23,29,0,12,19,22,44,36,4,10,0,12,45,48,0,12,5,9,38,36,10,16,2,817,Suffolk County,Massachusetts
1500000US250250817003,199,115,0,12,0,12,0,12,7,11,54,41,53,49,0,12,79,72,0,12,6,13,0,12,0,12,0,12,0,12,3,817,Suffolk County,Massachusetts
1500000US250250817004,187,103,8,15,0,12,0,12,0,12,39,59,40,29,19,30,12,20,0,12,0,12,0,12,2,12,39,36,28,36,4,817,Suffolk County,Massachusetts
1500000US250250817005,367,176,0,12,19,33,0,12,21,34,37,40,17,26,41,45,69,52,35,54,38,46,12,19,0,12,51,50,27,24,5,817,Suffolk County,Massachusetts
1500000US250250818001,549,284,0,12,68,80,27,48,0,12,32,40,137,112,35,32,76,69,28,36,10,14,0,12,0,12,36,56,100,93,1,818,Suffolk County,Massachusetts
1500000US250250818002,457,150,0,12,22,37,0,12,111,86,58,57,22,31,16,24,44,56,0,12,64,63,0,12,0,12,7,12,113,76,2,818,Suffolk County,Massachusetts
1500000US250250818003,495,234,26,40,10,15,0,12,0,12,30,36,129,85,47,48,21,34,74,51,0,12,30,32,0,12,92,77,36,47,3,818,Suffolk County,Massachusetts
1500000US250250819001,427,167,9,15,11,17,0,12,31,49,8,14,107,59,9,16,71,78,65,54,14,23,0,12,0,12,92,59,10,15,1,819,Suffolk County,Massachusetts
1500000US250250819002,288,142,16,27,6,10,27,39,0,12,33,37,47,44,38,59,67,60,8,13,6,11,23,35,0,12,0,12,17,19,2,819,Suffolk County,Massachusetts
1500000US250250819003,295,160,33,50,45,54,5,11,13,22,0,12,45,49,41,46,22,32,0,12,10,16,0,12,0,12,16,26,65,69,3,819,Suffolk County,Massachusetts
1500000US250250819004,340,140,0,12,12,22,0,12,0,12,2,10,119,95,96,78,5,9,3,14,23,27,8,15,0,12,38,41,34,35,4,819,Suffolk County,Massachusetts
1500000US250250820001,541,163,11,17,40,44,59,54,0,12,0,12,166,84,45,43,121,75,0,12,15,17,0,12,0,12,59,41,25,38,1,820,Suffolk County,Massachusetts
1500000US250250820002,182,94,0,12,49,54,0,12,19,21,0,12,61,49,0,12,0,12,8,13,23,35,0,12,0,12,0,12,22,38,2,820,Suffolk County,Massachusetts
1500000US250250820003,437,201,0,12,0,12,0,12,23,33,0,12,154,113,38,58,61,54,11,19,34,39,27,31,0,12,46,44,43,48,3,820,Suffolk County,Massachusetts
1500000US250250821001,245,144,18,25,4,9,0,12,0,12,60,79,0,12,53,76,26,31,0,12,28,32,51,62,0,12,0,12,5,12,1,821,Suffolk County,Massachusetts
1500000US250250821002,630,257,0,12,0,12,0,12,59,68,0,12,120,112,44,55,108,101,17,29,24,41,0,12,0,12,221,188,37,57,2,821,Suffolk County,Massachusetts
1500000US250250821003,902,277,48,61,29,37,0,12,72,65,69,79,57,47,196,118,181,202,17,30,50,76,0,12,41,68,95,97,47,44,3,821,Suffolk County,Massachusetts
1500000US250250901001,524,185,0,12,14,22,0,12,47,36,0,12,79,56,83,68,81,62,25,27,34,38,17,20,49,45,59,50,36,51,1,901,Suffolk County,Massachusetts
1500000US250250901002,305,138,16,25,12,18,52,49,51,36,15,25,23,36,13,18,32,40,0,12,16,25,0,12,6,12,50,67,19,21,2,901,Suffolk County,Massachusetts
1500000US250250901003,277,90,0,12,18,29,0,12,0,12,7,12,12,18,26,32,108,85,10,16,30,35,16,17,0,12,26,31,24,35,3,901,Suffolk County,Massachusetts
1500000US250250901004,356,139,6,10,0,12,85,62,16,25,49,52,36,39,17,20,8,13,8,12,14,22,4,9,0,12,94,55,19,24,4,901,Suffolk County,Massachusetts
1500000US250250901005,299,171,0,12,19,29,56,60,73,83,29,35,49,76,9,13,13,21,0,12,7,12,19,30,0,12,0,12,25,25,5,901,Suffolk County,Massachusetts
1500000US250250902001,233,88,0,12,7,9,12,18,17,22,10,14,66,38,13,15,42,55,0,12,6,9,12,15,0,12,7,10,41,34,1,902,Suffolk County,Massachusetts
1500000US250250902002,308,117,12,14,13,21,12,19,68,75,18,16,45,37,30,30,21,32,10,16,26,26,11,18,0,12,10,15,32,30,2,902,Suffolk County,Massachusetts
1500000US250250902003,378,133,40,42,40,32,13,19,15,17,10,11,99,57,36,35,9,15,0,12,28,29,0,12,19,29,36,35,33,34,3,902,Suffolk County,Massachusetts
1500000US250250903001,337,170,0,12,10,15,64,69,33,41,49,55,49,39,37,38,27,43,12,19,0,12,12,19,0,12,33,52,11,18,1,903,Suffolk County,Massachusetts
1500000US250250903002,597,186,10,15,0,12,32,56,114,76,50,67,70,51,66,66,0,12,24,41,20,33,43,54,9,15,93,61,66,59,2,903,Suffolk County,Massachusetts
1500000US250250903003,338,144,40,46,44,51,0,12,27,45,21,36,60,55,0,12,63,47,0,12,0,12,0,12,0,12,42,48,41,48,3,903,Suffolk County,Massachusetts
1500000US250250904001,240,130,9,15,38,60,0,12,5,10,10,18,15,18,0,12,0,12,33,33,40,47,0,12,16,28,39,33,35,34,1,904,Suffolk County,Massachusetts
1500000US250250904002,689,243,60,69,94,66,10,18,44,50,9,14,80,75,94,81,156,172,0,12,27,44,55,58,0,12,60,57,0,12,2,904,Suffolk County,Massachusetts
1500000US250250904003,374,133,9,18,0,12,0,12,57,57,24,41,71,75,16,26,45,40,0,12,10,15,32,36,0,12,73,56,37,44,3,904,Suffolk County,Massachusetts
1500000US250250904004,327,181,31,54,0,12,0,12,11,18,0,12,40,46,18,30,109,95,0,12,26,31,17,35,10,18,0,12,65,56,4,904,Suffolk County,Massachusetts
1500000US250250906001,548,173,34,26,5,7,21,29,33,28,41,35,159,105,69,50,12,13,6,8,23,21,35,31,9,14,38,33,63,35,1,906,Suffolk County,Massachusetts
1500000US250250906002,694,165,29,30,29,21,57,48,65,37,70,38,145,61,17,18,46,34,15,15,38,35,0,12,0,12,140,80,43,36,2,906,Suffolk County,Massachusetts
1500000US250250907001,877,336,0,12,44,40,12,20,51,54,40,36,44,54,75,57,196,125,69,49,93,92,161,229,0,12,78,72,14,20,1,907,Suffolk County,Massachusetts
1500000US250250907002,681,221,33,36,66,56,26,26,9,15,0,12,51,44,129,71,260,145,36,28,7,11,0,12,10,12,54,44,0,12,2,907,Suffolk County,Massachusetts
1500000US250250907003,737,215,22,28,56,55,12,20,141,123,100,69,102,69,65,54,43,33,46,36,65,57,0,12,0,12,85,90,0,12,3,907,Suffolk County,Massachusetts
1500000US250250907004,417,160,0,12,0,12,0,12,0,12,24,31,51,37,105,112,53,39,67,46,14,16,28,35,0,12,0,12,75,59,4,907,Suffolk County,Massachusetts
1500000US250250909011,759,193,18,28,16,24,15,17,17,28,66,45,100,52,8,13,130,59,116,106,84,52,54,50,13,22,51,41,71,43,1,909.01,Suffolk County,Massachusetts
1500000US250250909012,868,198,0,12,0,12,6,8,38,31,25,31,151,79,18,23,179,83,35,31,247,104,30,27,10,15,72,52,57,48,2,909.01,Suffolk County,Massachusetts
1500000US250250910011,401,134,24,37,0,12,0,12,0,12,4,9,139,61,17,21,9,15,28,41,85,65,39,39,25,38,20,30,11,17,1,910.01,Suffolk County,Massachusetts
1500000US250250910012,441,215,0,12,25,36,7,12,16,14,37,45,85,89,58,60,111,72,12,17,25,29,0,12,0,12,36,44,29,47,2,910.01,Suffolk County,Massachusetts
1500000US250250910013,415,121,0,12,0,12,0,12,22,20,24,23,65,43,0,12,74,43,24,22,75,45,25,23,0,12,70,82,36,41,3,910.01,Suffolk County,Massachusetts
1500000US250250910014,587,152,0,12,0,12,19,30,0,12,77,62,94,68,76,64,110,58,47,41,52,49,13,24,0,12,47,36,52,44,4,910.01,Suffolk County,Massachusetts
1500000US250250911001,950,235,0,12,15,18,0,12,77,57,159,108,219,104,81,57,144,83,136,80,43,31,38,56,0,12,19,23,19,30,1,911,Suffolk County,Massachusetts
1500000US250250911002,659,159,11,17,24,38,9,15,33,42,42,37,154,85,51,50,56,44,47,36,63,47,68,63,5,9,41,32,55,49,2,911,Suffolk County,Massachusetts
1500000US250250911003,462,163,0,12,10,16,0,12,56,37,121,133,32,31,84,67,83,54,23,27,5,8,8,13,0,12,27,30,13,15,3,911,Suffolk County,Massachusetts
1500000US250250911004,431,135,0,12,33,30,12,18,27,28,34,42,64,50,65,45,65,47,0,12,90,84,26,30,0,12,15,20,0,12,4,911,Suffolk County,Massachusetts
1500000US250250911005,492,186,15,23,13,20,0,12,29,40,40,30,93,71,54,44,123,95,67,70,45,34,0,12,7,13,0,12,6,9,5,911,Suffolk County,Massachusetts
1500000US250250912001,659,198,19,25,11,18,22,24,65,66,43,42,95,67,50,39,105,77,86,87,64,60,7,12,7,12,36,34,49,37,1,912,Suffolk County,Massachusetts
1500000US250250912002,612,156,0,12,23,32,3,7,59,38,59,40,69,53,160,84,92,77,24,28,23,37,9,14,0,12,74,42,17,20,2,912,Suffolk County,Massachusetts
1500000US250250912003,236,92,10,15,15,22,0,12,38,48,0,12,30,32,78,74,18,27,0,12,18,19,18,19,0,12,11,15,0,12,3,912,Suffolk County,Massachusetts
1500000US250250913001,700,150,35,33,17,27,35,44,110,48,31,25,106,52,24,26,46,34,41,34,44,34,5,8,17,23,119,69,70,41,1,913,Suffolk County,Massachusetts
1500000US250250913002,488,119,0,12,10,15,5,8,64,38,18,18,84,50,21,25,91,57,21,25,86,47,11,15,0,12,39,30,38,34,2,913,Suffolk County,Massachusetts
1500000US250250914001,785,142,45,43,15,18,39,28,40,33,47,29,177,75,24,19,65,40,56,33,92,46,40,36,9,13,30,25,106,61,1,914,Suffolk County,Massachusetts
1500000US250250914002,486,118,21,34,27,23,27,36,88,49,12,15,33,24,31,19,15,15,34,27,24,25,6,8,63,58,51,34,54,35,2,914,Suffolk County,Massachusetts
1500000US250250915001,1179,299,72,52,55,58,7,11,105,76,130,72,36,35,268,124,99,58,112,68,36,34,15,21,0,12,116,46,128,86,1,915,Suffolk County,Massachusetts
1500000US250250915002,829,181,13,20,76,61,0,12,30,45,34,50,113,72,132,93,105,94,31,34,55,48,39,41,19,26,133,70,49,46,2,915,Suffolk County,Massachusetts
1500000US250250915003,536,203,0,12,60,68,0,12,20,24,98,63,54,43,0,12,62,58,29,36,46,42,7,12,19,30,97,61,44,34,3,915,Suffolk County,Massachusetts
1500000US250250916001,732,221,0,12,26,33,0,12,6,9,39,41,120,90,84,61,267,158,39,53,55,51,0,12,45,72,23,29,28,32,1,916,Suffolk County,Massachusetts
1500000US250250916002,572,257,0,12,14,24,0,12,0,12,52,80,34,40,10,22,109,82,13,24,119,108,0,12,33,44,128,92,60,63,2,916,Suffolk County,Massachusetts
1500000US250250916003,148,100,0,12,0,12,0,12,34,37,0,12,32,35,7,11,32,47,18,23,0,12,0,12,0,12,0,12,25,29,3,916,Suffolk County,Massachusetts
1500000US250250917001,688,172,64,37,31,33,30,33,82,58,19,14,133,79,53,33,72,47,0,12,27,24,37,36,8,12,82,54,50,38,1,917,Suffolk County,Massachusetts
1500000US250250917002,487,166,22,19,37,44,7,11,101,71,20,23,95,81,29,24,11,16,7,11,39,34,31,27,0,12,65,47,23,23,2,917,Suffolk County,Massachusetts
1500000US250250917003,317,113,25,27,10,11,11,11,128,67,0,12,26,35,18,21,0,12,27,29,23,24,24,37,9,14,0,12,16,19,3,917,Suffolk County,Massachusetts
1500000US250250918001,471,167,1,4,74,84,0,12,87,70,22,36,50,58,81,59,14,21,0,12,42,48,4,8,0,12,86,78,10,16,1,918,Suffolk County,Massachusetts
1500000US250250918002,757,275,21,35,0,12,6,11,100,103,111,101,73,60,69,71,45,49,27,34,87,76,73,78,45,57,37,42,63,54,2,918,Suffolk County,Massachusetts
1500000US250250918003,274,134,8,16,8,16,23,25,30,30,12,20,36,34,20,32,28,34,19,30,13,19,27,32,0,12,19,29,31,53,3,918,Suffolk County,Massachusetts
1500000US250250919001,501,183,0,12,0,12,20,31,48,47,3,7,51,42,44,41,174,105,26,39,35,41,9,14,0,12,26,29,65,61,1,919,Suffolk County,Massachusetts
1500000US250250919002,356,128,0,12,13,22,7,11,51,48,66,53,66,41,6,14,37,37,23,24,0,12,0,12,0,12,67,51,20,24,2,919,Suffolk County,Massachusetts
1500000US250250919003,742,267,60,53,47,43,103,101,100,68,43,38,97,57,43,49,8,12,24,38,55,48,8,14,19,21,90,58,45,37,3,919,Suffolk County,Massachusetts
1500000US250250919004,362,146,18,31,14,17,39,52,51,66,53,35,43,47,68,45,26,32,9,14,10,15,11,16,0,12,20,32,0,12,4,919,Suffolk County,Massachusetts
1500000US250250920001,783,206,66,72,11,16,132,73,25,25,52,39,141,76,9,13,49,37,14,22,112,73,22,33,29,40,41,39,80,92,1,920,Suffolk County,Massachusetts
1500000US250250920002,768,206,23,34,75,56,15,25,106,63,40,31,38,41,38,41,116,62,29,33,92,55,36,40,22,37,112,74,26,34,2,920,Suffolk County,Massachusetts
1500000US250250920003,257,141,22,29,19,28,20,24,50,54,73,90,18,27,0,12,0,12,0,12,21,32,34,35,0,12,0,12,0,12,3,920,Suffolk County,Massachusetts
1500000US250250920004,500,169,24,29,21,33,22,37,67,46,59,43,35,31,50,41,34,34,0,12,29,29,11,18,10,16,47,46,91,68,4,920,Suffolk County,Massachusetts
1500000US250250921011,437,216,0,12,0,12,0,12,53,64,53,74,141,128,71,89,0,12,32,53,0,12,22,27,0,12,6,11,59,95,1,921.01,Suffolk County,Massachusetts
1500000US250250921012,536,283,0,12,17,28,24,29,83,91,91,77,70,48,32,37,82,116,0,12,62,69,0,12,0,12,70,73,5,10,2,921.01,Suffolk County,Massachusetts
1500000US250250921013,508,244,0,12,64,75,28,35,54,63,0,12,48,56,136,138,28,35,51,53,71,83,0,12,0,12,16,25,12,18,3,921.01,Suffolk County,Massachusetts
1500000US250250921014,548,280,35,46,66,68,10,21,63,68,40,53,57,66,0,12,27,43,37,59,12,20,46,59,24,35,89,104,42,62,4,921.01,Suffolk County,Massachusetts
1500000US250250921015,1181,333,47,40,22,31,118,100,91,81,48,52,147,115,115,95,101,72,142,117,125,100,16,25,18,28,135,121,56,59,5,921.01,Suffolk County,Massachusetts
1500000US250250922001,389,145,0,12,0,12,17,20,47,38,29,29,42,36,34,38,55,44,14,18,53,55,30,43,0,12,36,32,32,33,1,922,Suffolk County,Massachusetts
1500000US250250922002,572,256,22,34,59,60,0,12,41,48,56,50,60,65,138,103,44,51,34,39,0,12,0,12,9,15,72,49,37,34,2,922,Suffolk County,Massachusetts
1500000US250250922003,387,176,16,28,18,21,0,12,18,24,46,54,69,56,123,77,8,13,25,31,2,7,0,12,0,12,55,72,7,13,3,922,Suffolk County,Massachusetts
1500000US250250922004,199,91,0,12,0,12,8,12,34,36,12,21,57,57,15,26,0,12,28,25,19,30,6,10,0,12,0,12,20,32,4,922,Suffolk County,Massachusetts
1500000US250250923001,273,92,12,14,6,10,0,12,13,21,27,28,30,36,55,39,48,36,11,18,37,35,8,11,0,12,15,15,11,15,1,923,Suffolk County,Massachusetts
1500000US250250923002,345,105,23,26,23,19,6,8,0,12,37,30,92,60,40,30,19,21,13,15,0,12,13,14,18,18,6,9,55,43,2,923,Suffolk County,Massachusetts
1500000US250250923003,548,144,18,20,54,49,11,17,93,44,18,18,44,32,51,42,59,33,0,12,72,52,14,22,27,27,38,27,49,35,3,923,Suffolk County,Massachusetts
1500000US250250923004,268,87,0,12,27,25,0,12,12,15,0,12,59,37,19,21,11,18,12,18,13,20,32,39,0,12,25,19,58,38,4,923,Suffolk County,Massachusetts
1500000US250250924001,205,146,0,12,0,12,0,12,10,45,14,25,17,28,0,12,23,27,0,12,25,39,12,20,0,12,29,36,75,72,1,924,Suffolk County,Massachusetts
1500000US250250924002,414,142,63,83,67,78,90,78,40,40,0,12,20,26,54,67,11,25,0,12,15,37,0,12,0,12,54,54,0,12,2,924,Suffolk County,Massachusetts
1500000US250250924003,836,292,0,12,0,12,0,12,62,71,34,45,72,59,99,84,172,105,83,91,76,80,44,67,58,64,79,81,57,56,3,924,Suffolk County,Massachusetts
1500000US250250924004,444,178,14,23,45,65,35,51,0,12,104,97,88,92,0,12,33,40,0,12,47,54,0,12,15,24,63,60,0,12,4,924,Suffolk County,Massachusetts
1500000US250250924005,105,66,0,12,0,12,0,12,35,57,20,37,0,12,0,12,0,12,0,12,0,12,0,12,0,12,25,33,25,42,5,924,Suffolk County,Massachusetts
1500000US250251001001,54,46,0,12,0,12,6,11,0,12,5,9,6,10,11,13,0,12,8,15,18,27,0,12,0,12,0,12,0,12,1,1001,Suffolk County,Massachusetts
1500000US250251001002,680,223,16,27,45,49,18,20,44,58,38,45,136,91,37,37,113,64,47,37,23,38,0,12,19,30,88,66,56,43,2,1001,Suffolk County,Massachusetts
1500000US250251001003,433,126,0,12,19,31,41,38,24,23,9,15,93,62,30,33,69,46,30,33,40,49,0,12,0,12,53,43,25,37,3,1001,Suffolk County,Massachusetts
1500000US250251001004,386,166,58,51,0,12,0,12,29,33,30,40,64,64,42,36,74,62,19,21,17,23,18,23,0,12,14,18,21,24,4,1001,Suffolk County,Massachusetts
1500000US250251001005,216,126,12,21,0,12,0,12,41,45,55,60,0,12,19,29,22,21,0,12,43,48,0,12,0,12,24,29,0,12,5,1001,Suffolk County,Massachusetts
1500000US250251001006,367,144,0,12,25,40,26,32,90,60,21,35,58,45,23,37,15,23,5,9,18,30,23,28,0,12,34,52,29,32,6,1001,Suffolk County,Massachusetts
1500000US250251001007,255,115,0,12,0,12,0,12,27,32,44,52,23,28,0,12,8,13,17,26,10,16,0,12,7,11,13,22,106,93,7,1001,Suffolk County,Massachusetts
1500000US250251002001,465,106,15,17,42,34,14,22,18,16,27,25,94,51,15,14,35,27,50,32,9,13,5,7,0,12,71,50,70,40,1,1002,Suffolk County,Massachusetts
1500000US250251002002,306,109,9,14,26,28,0,12,32,30,33,32,9,14,16,23,31,33,22,26,12,19,19,29,0,12,51,32,46,35,2,1002,Suffolk County,Massachusetts
1500000US250251002003,459,106,0,12,39,28,38,27,32,38,70,41,81,46,44,40,47,38,21,20,12,18,0,12,0,12,55,36,20,21,3,1002,Suffolk County,Massachusetts
1500000US250251003001,628,277,73,85,59,47,0,12,53,47,0,12,118,106,49,49,111,85,0,12,0,12,0,12,0,12,92,61,73,65,1,1003,Suffolk County,Massachusetts
1500000US250251003002,491,150,0,12,26,27,22,34,58,48,36,43,45,45,55,54,30,27,35,38,31,34,37,33,5,10,74,44,37,55,2,1003,Suffolk County,Massachusetts
1500000US250251003003,300,110,0,12,21,25,21,33,97,72,16,19,19,23,32,36,42,39,0,12,18,22,13,22,0,12,0,12,21,24,3,1003,Suffolk County,Massachusetts
1500000US250251003004,367,168,0,12,81,107,0,12,75,59,39,37,52,45,12,19,29,34,0,12,12,19,0,12,14,22,0,12,53,44,4,1003,Suffolk County,Massachusetts
1500000US250251004001,595,202,0,12,0,12,0,12,65,64,36,45,119,66,113,79,94,53,41,32,36,34,0,12,10,17,81,70,0,12,1,1004,Suffolk County,Massachusetts
1500000US250251004002,865,374,67,97,9,13,85,63,145,100,119,74,126,83,166,134,29,65,19,23,36,40,0,12,0,12,7,14,57,52,2,1004,Suffolk County,Massachusetts
1500000US250251004003,547,204,0,12,22,33,107,90,50,53,61,48,36,23,51,51,56,59,0,12,12,21,0,12,0,12,152,90,0,12,3,1004,Suffolk County,Massachusetts
1500000US250251004004,888,240,0,12,0,12,119,80,74,49,106,73,37,48,107,83,94,63,28,45,97,76,24,38,0,12,111,81,91,69,4,1004,Suffolk County,Massachusetts
1500000US250251005001,794,256,77,72,21,32,0,12,68,68,0,12,91,98,34,32,61,57,174,123,27,44,22,35,0,12,114,91,105,104,1,1005,Suffolk County,Massachusetts
1500000US250251005002,594,226,0,12,11,18,82,85,48,77,72,69,57,47,78,57,99,98,0,12,48,62,29,32,0,12,33,46,37,47,2,1005,Suffolk County,Massachusetts
1500000US250251005003,446,276,37,42,0,12,48,52,0,12,62,76,34,41,128,137,22,36,13,22,33,47,18,28,0,12,30,37,21,33,3,1005,Suffolk County,Massachusetts
1500000US250251005004,840,437,181,152,62,98,27,46,109,130,26,34,137,187,12,23,95,89,33,47,0,12,57,91,0,12,101,100,0,12,4,1005,Suffolk County,Massachusetts
1500000US250251005005,566,287,0,12,27,43,0,12,75,70,58,54,104,97,87,94,109,85,59,69,19,30,28,41,0,12,0,12,0,12,5,1005,Suffolk County,Massachusetts
1500000US250251006011,658,225,33,40,48,48,80,102,49,46,110,99,39,45,115,111,53,58,52,51,26,51,21,35,0,12,17,26,15,27,1,1006.01,Suffolk County,Massachusetts
1500000US250251006012,479,243,0,12,46,73,23,37,77,76,137,132,23,30,40,44,37,44,12,19,0,12,0,12,56,78,0,12,28,42,2,1006.01,Suffolk County,Massachusetts
1500000US250251006013,890,300,51,83,0,12,108,93,196,164,38,36,13,20,101,100,151,115,52,73,56,82,0,12,45,66,79,84,0,12,3,1006.01,Suffolk County,Massachusetts
1500000US250251006014,1036,322,68,73,17,29,9,15,97,84,23,27,178,127,106,112,266,161,6,10,45,40,77,79,0,12,144,113,0,12,4,1006.01,Suffolk County,Massachusetts
1500000US250251006031,800,185,15,22,42,38,12,14,64,43,73,49,55,30,84,48,163,74,87,96,108,59,24,25,0,12,40,27,33,38,1,1006.03,Suffolk County,Massachusetts
1500000US250251006032,500,120,17,21,8,12,51,39,9,15,86,48,38,31,122,56,80,47,5,8,22,27,19,24,0,12,34,37,9,17,2,1006.03,Suffolk County,Massachusetts
1500000US250251007001,517,150,29,45,0,12,28,30,86,61,16,26,104,86,38,29,112,66,36,32,26,39,0,12,0,12,37,31,5,8,1,1007,Suffolk County,Massachusetts
1500000US250251007002,455,154,0,12,0,12,55,40,40,42,37,44,56,49,49,45,93,67,43,36,33,40,0,12,0,12,23,36,26,24,2,1007,Suffolk County,Massachusetts
1500000US250251007003,382,131,47,55,23,35,37,53,13,20,84,83,58,49,19,22,31,37,8,12,36,34,0,12,0,12,0,12,26,28,3,1007,Suffolk County,Massachusetts
1500000US250251007004,604,218,34,42,21,26,61,35,59,57,97,108,93,72,45,41,57,50,26,24,58,57,0,12,10,18,32,50,11,18,4,1007,Suffolk County,Massachusetts
1500000US250251007005,478,186,7,12,0,12,32,44,38,36,53,48,83,70,17,19,80,60,17,26,0,12,0,12,0,12,116,115,35,44,5,1007,Suffolk County,Massachusetts
1500000US250251008001,561,516,0,12,0,12,7,17,22,39,26,32,147,140,140,173,27,42,0,12,0,12,0,12,0,12,155,194,37,59,1,1008,Suffolk County,Massachusetts
1500000US250251008002,381,141,0,12,0,12,0,12,87,63,52,46,52,60,9,17,11,19,0,12,50,63,34,49,0,12,61,73,25,39,2,1008,Suffolk County,Massachusetts
1500000US250251008003,754,354,30,48,0,12,57,66,22,38,79,86,154,171,38,64,127,141,141,132,61,68,0,12,0,12,16,28,29,36,3,1008,Suffolk County,Massachusetts
1500000US250251008004,926,493,88,115,165,180,0,12,96,119,59,65,189,136,91,73,60,63,0,12,0,12,0,12,19,32,154,178,5,32,4,1008,Suffolk County,Massachusetts
1500000US250251008005,379,201,0,12,0,12,62,70,11,17,15,23,24,36,67,82,44,59,99,120,20,25,0,12,0,12,26,28,11,19,5,1008,Suffolk County,Massachusetts
1500000US250251008006,642,338,54,85,0,12,0,12,13,23,104,95,137,100,106,99,111,89,0,12,0,12,0,12,8,15,95,99,14,24,6,1008,Suffolk County,Massachusetts
1500000US250251009001,387,155,0,12,19,36,16,28,44,28,21,22,29,33,60,47,57,33,8,12,50,79,21,33,0,12,62,38,0,12,1,1009,Suffolk County,Massachusetts
1500000US250251009002,360,151,0,12,25,38,0,12,34,40,57,53,54,48,33,30,16,22,62,69,7,12,0,12,11,18,52,58,9,14,2,1009,Suffolk County,Massachusetts
1500000US250251009003,658,213,50,43,36,55,12,19,75,52,85,51,44,32,76,42,126,61,19,29,15,17,0,12,0,12,104,85,16,18,3,1009,Suffolk County,Massachusetts
1500000US250251009004,255,139,27,31,21,35,0,12,32,38,0,12,13,18,89,100,0,12,0,12,8,13,0,12,0,12,46,50,19,30,4,1009,Suffolk County,Massachusetts
1500000US250251009005,630,191,0,12,0,12,29,38,59,68,100,61,50,45,116,87,33,34,0,12,51,54,0,12,36,52,147,103,9,17,5,1009,Suffolk County,Massachusetts
1500000US250251010011,440,201,0,12,0,12,25,44,55,55,129,115,119,103,0,12,15,24,0,12,0,12,0,12,41,53,56,61,0,12,1,1010.01,Suffolk County,Massachusetts
1500000US250251010012,418,237,0,12,0,12,71,85,65,66,0,12,52,61,33,37,50,85,0,12,37,65,0,12,20,37,49,84,41,68,2,1010.01,Suffolk County,Massachusetts
1500000US250251010013,334,252,0,12,33,54,92,115,97,107,83,96,13,37,0,12,0,12,0,12,0,12,16,26,0,12,0,12,0,12,3,1010.01,Suffolk County,Massachusetts
1500000US250251010014,663,336,0,12,132,128,0,12,100,98,16,26,0,12,26,41,114,106,15,22,0,12,0,12,0,12,139,140,121,116,4,1010.01,Suffolk County,Massachusetts
1500000US250251010015,517,326,42,66,0,12,0,12,44,59,61,75,50,64,27,45,4,17,11,20,34,40,0,12,0,12,190,175,54,75,5,1010.01,Suffolk County,Massachusetts
1500000US250251010016,899,615,25,38,61,67,50,81,152,156,181,214,223,258,34,54,54,66,0,12,0,12,30,46,0,12,42,49,47,73,6,1010.01,Suffolk County,Massachusetts
1500000US250251010021,304,180,0,12,0,12,0,12,28,49,0,12,55,61,78,63,0,12,0,12,47,44,0,12,0,12,39,46,57,99,1,1010.02,Suffolk County,Massachusetts
1500000US250251010022,1048,323,45,59,56,52,30,48,119,87,234,139,15,25,226,110,156,133,49,58,0,12,0,12,11,18,107,80,0,12,2,1010.02,Suffolk County,Massachusetts
1500000US250251010023,1050,287,81,81,32,52,47,46,297,185,109,88,139,84,45,45,79,83,38,45,51,81,14,24,52,75,66,83,0,12,3,1010.02,Suffolk County,Massachusetts
1500000US250251011011,389,142,11,18,18,28,7,13,50,48,36,30,90,70,7,14,25,38,10,15,43,33,0,12,42,43,9,15,41,36,1,1011.01,Suffolk County,Massachusetts
1500000US250251011012,558,183,48,76,10,14,33,48,27,24,15,24,17,26,68,66,79,53,70,56,9,16,43,43,0,12,119,63,20,32,2,1011.01,Suffolk County,Massachusetts
1500000US250251011013,714,192,95,67,20,30,81,56,50,36,59,62,40,41,93,62,35,37,37,46,51,51,0,12,0,12,57,56,96,67,3,1011.01,Suffolk County,Massachusetts
1500000US250251011021,333,163,46,73,0,12,0,12,37,43,22,30,45,37,74,51,21,33,0,12,0,12,0,12,11,16,64,56,13,20,1,1011.02,Suffolk County,Massachusetts
1500000US250251011022,560,162,49,41,30,38,0,12,109,78,102,64,90,58,29,27,53,43,10,15,15,21,0,12,0,12,50,42,23,29,2,1011.02,Suffolk County,Massachusetts
1500000US250251011023,443,159,21,33,0,12,7,15,70,65,64,59,73,58,56,45,0,12,0,12,28,33,0,12,15,26,78,61,31,37,3,1011.02,Suffolk County,Massachusetts
1500000US250251011024,750,225,62,53,34,37,51,59,41,41,79,57,135,93,127,77,80,60,0,12,23,20,0,12,0,12,96,75,22,28,4,1011.02,Suffolk County,Massachusetts
1500000US250251101031,365,133,0,12,0,12,0,12,54,54,0,12,62,70,67,62,98,68,0,12,31,55,11,19,0,12,29,47,13,21,1,1101.03,Suffolk County,Massachusetts
1500000US250251101032,282,186,64,64,0,12,15,25,16,26,30,46,0,12,38,38,37,47,13,20,9,17,0,12,13,19,35,43,12,19,2,1101.03,Suffolk County,Massachusetts
1500000US250251101033,142,113,0,12,0,12,0,12,20,26,0,12,0,12,41,52,14,23,13,20,16,26,0,12,0,12,0,12,38,61,3,1101.03,Suffolk County,Massachusetts
1500000US250251101034,506,281,61,90,0,12,0,12,24,39,0,12,71,93,54,69,92,75,9,18,69,66,0,12,0,12,0,12,126,171,4,1101.03,Suffolk County,Massachusetts
1500000US250251101035,1207,406,51,34,0,12,16,25,49,48,58,62,183,146,161,106,151,113,243,201,51,52,0,12,81,103,68,68,95,89,5,1101.03,Suffolk County,Massachusetts
1500000US250251101036,392,168,18,25,0,12,12,20,0,12,37,34,49,74,42,62,104,66,0,12,69,85,24,36,26,39,0,12,11,22,6,1101.03,Suffolk County,Massachusetts
1500000US250251101037,365,274,0,12,59,96,0,12,0,12,0,12,112,97,0,12,54,64,0,12,0,12,52,57,0,12,24,42,64,76,7,1101.03,Suffolk County,Massachusetts
1500000US250251102011,1147,139,72,49,46,42,51,37,153,63,92,60,84,52,150,62,123,62,15,23,80,46,22,28,14,23,171,68,74,57,1,1102.01,Suffolk County,Massachusetts
1500000US250251103011,646,183,20,20,17,18,6,10,58,38,97,44,105,81,69,41,138,101,19,16,34,33,35,29,0,12,33,29,15,16,1,1103.01,Suffolk County,Massachusetts
1500000US250251103012,884,120,40,45,14,24,21,20,69,46,44,31,169,60,101,52,165,69,37,24,73,45,9,14,5,8,83,53,54,38,2,1103.01,Suffolk County,Massachusetts
1500000US250251104011,880,198,0,12,27,25,0,12,163,90,40,51,145,89,96,67,194,107,58,48,30,27,17,21,8,13,50,75,52,59,1,1104.01,Suffolk County,Massachusetts
1500000US250251104012,1167,266,62,72,102,79,110,75,86,48,44,44,165,84,106,90,112,56,62,50,84,51,38,44,34,51,42,37,120,69,2,1104.01,Suffolk County,Massachusetts
1500000US250251104031,495,151,0,12,0,12,0,12,9,14,61,53,82,106,39,38,97,74,22,24,52,52,56,56,0,12,10,15,67,54,1,1104.03,Suffolk County,Massachusetts
1500000US250251104032,561,223,0,12,0,12,29,33,87,99,44,65,32,39,79,60,40,34,54,62,124,64,11,16,8,13,32,43,21,27,2,1104.03,Suffolk County,Massachusetts
1500000US250251104033,265,118,13,24,23,35,0,12,26,30,13,20,27,33,75,75,7,12,18,21,47,54,0,12,0,12,16,24,0,12,3,1104.03,Suffolk County,Massachusetts
1500000US250251104034,562,169,11,18,27,20,9,16,27,32,64,41,38,32,12,20,94,48,47,39,93,66,0,12,48,46,50,62,42,37,4,1104.03,Suffolk County,Massachusetts
1500000US250251104035,611,178,40,47,26,29,0,12,121,88,85,60,64,54,50,41,69,46,29,34,43,49,37,51,0,12,47,45,0,12,5,1104.03,Suffolk County,Massachusetts
1500000US250251105011,529,130,5,9,29,34,13,20,54,46,34,37,114,83,90,63,71,44,10,14,20,24,33,38,6,11,50,36,0,12,1,1105.01,Suffolk County,Massachusetts
1500000US250251105012,816,143,9,14,47,35,0,12,69,54,119,84,162,83,135,67,154,83,48,35,30,24,27,40,5,8,0,12,11,18,2,1105.01,Suffolk County,Massachusetts
1500000US250251105013,592,155,11,17,6,14,33,30,27,25,42,35,81,54,79,48,109,68,17,22,0,12,22,31,0,12,147,114,18,29,3,1105.01,Suffolk County,Massachusetts
1500000US250251105021,1203,301,50,61,44,59,120,101,68,60,184,94,170,88,109,72,109,87,62,78,81,63,65,84,56,81,43,40,42,49,1,1105.02,Suffolk County,Massachusetts
1500000US250251105022,1181,281,15,17,46,51,114,130,214,132,94,59,158,74,124,86,162,79,34,26,88,60,16,26,12,18,76,61,28,42,2,1105.02,Suffolk County,Massachusetts
1500000US250251105023,357,140,8,13,12,20,0,12,12,18,0,12,124,63,99,76,7,11,15,23,34,34,0,12,10,15,11,19,25,36,3,1105.02,Suffolk County,Massachusetts
1500000US250251106011,672,153,19,25,35,26,0,12,82,55,45,32,147,63,156,57,80,55,25,23,26,26,0,12,23,25,21,24,13,20,1,1106.01,Suffolk County,Massachusetts
1500000US250251106012,388,110,0,12,16,25,0,12,9,13,14,17,174,91,35,27,34,24,0,12,38,39,0,12,0,12,24,21,44,40,2,1106.01,Suffolk County,Massachusetts
1500000US250251106071,630,220,0,12,0,12,12,21,0,12,91,82,124,113,149,138,103,75,0,12,62,63,89,74,0,12,0,12,0,12,1,1106.07,Suffolk County,Massachusetts
1500000US250251106072,778,161,59,64,21,36,17,30,0,12,84,62,101,64,228,93,112,69,29,38,48,47,0,12,0,12,57,6,22,35,2,1106.07,Suffolk County,Massachusetts
1500000US250251106073,1072,351,0,12,0,12,0,12,42,65,23,36,164,101,297,161,301,180,17,26,137,119,12,20,0,12,36,42,43,48,3,1106.07,Suffolk County,Massachusetts
1500000US250251106074,447,146,0,12,12,20,33,38,0,12,30,35,62,61,100,82,81,56,0,12,42,47,20,32,12,20,24,36,31,31,4,1106.07,Suffolk County,Massachusetts
1500000US250251201031,906,96,14,16,5,8,12,14,47,26,47,20,97,44,109,42,195,49,129,48,157,54,20,21,5,7,22,18,47,39,1,1201.03,Suffolk County,Massachusetts
1500000US250251201041,313,111,0,12,0,12,0,12,11,17,29,44,36,33,54,35,55,46,44,44,49,38,0,12,0,12,24,27,11,17,1,1201.04,Suffolk County,Massachusetts
1500000US250251201042,391,108,0,12,0,12,0,12,64,52,20,21,54,33,64,38,63,58,29,28,63,51,0,12,0,12,21,24,13,21,2,1201.04,Suffolk County,Massachusetts
1500000US250251201043,619,129,0,12,16,19,0,12,50,33,22,25,87,61,62,39,230,98,72,51,40,28,9,15,0,12,21,23,10,22,3,1201.04,Suffolk County,Massachusetts
1500000US250251201051,469,248,0,12,0,12,0,12,33,31,4,7,41,26,126,71,84,36,51,35,31,32,15,28,0,12,47,58,37,55,1,1201.05,Suffolk County,Massachusetts
1500000US250251201052,502,98,13,14,0,12,11,15,27,23,21,21,78,45,156,86,77,36,51,31,37,22,16,19,0,12,15,16,0,12,2,1201.05,Suffolk County,Massachusetts
1500000US250251201053,230,68,0,12,0,12,0,12,29,30,15,18,22,19,52,26,53,37,9,10,33,23,0,12,2,4,8,11,7,8,3,1201.05,Suffolk County,Massachusetts
1500000US250251202011,836,166,6,10,17,18,0,12,33,27,126,68,127,64,91,56,112,51,72,49,107,65,53,44,12,15,53,49,27,31,1,1202.01,Suffolk County,Massachusetts
1500000US250251202012,1084,171,8,12,0,12,20,22,155,86,51,53,229,84,144,71,209,90,81,42,62,54,25,26,18,23,50,45,32,31,2,1202.01,Suffolk County,Massachusetts
1500000US250251202013,228,114,0,12,0,12,0,12,18,19,21,21,8,15,110,81,20,21,8,12,35,46,0,12,0,12,8,12,0,12,3,1202.01,Suffolk County,Massachusetts
1500000US250251203011,616,226,43,52,0,12,0,12,39,32,52,48,82,63,41,30,152,100,77,93,62,47,10,16,0,12,58,70,0,12,1,1203.01,Suffolk County,Massachusetts
1500000US250251203012,614,234,0,12,46,55,0,12,0,12,33,32,145,95,54,40,169,88,29,33,66,65,8,12,0,12,44,55,20,30,2,1203.01,Suffolk County,Massachusetts
1500000US250251203013,751,174,0,12,19,21,8,13,0,12,31,25,165,76,52,36,140,81,116,77,71,46,44,49,23,25,27,40,55,53,3,1203.01,Suffolk County,Massachusetts
1500000US250251203014,817,237,0,12,40,46,20,32,76,50,106,62,41,33,48,48,153,86,135,73,54,43,37,34,14,19,82,76,11,18,4,1203.01,Suffolk County,Massachusetts
1500000US250251204001,515,253,0,12,0,12,0,12,0,12,65,53,16,26,87,112,211,150,0,12,24,27,24,27,0,12,88,87,0,12,1,1204,Suffolk County,Massachusetts
1500000US250251204002,415,171,0,12,0,12,0,12,0,12,76,68,46,69,58,69,21,34,92,79,62,73,33,52,0,12,12,19,15,25,2,1204,Suffolk County,Massachusetts
1500000US250251204003,1135,575,0,12,0,12,18,29,70,75,107,69,134,108,70,75,297,179,199,217,47,66,0,12,0,12,76,70,117,129,3,1204,Suffolk County,Massachusetts
1500000US250251204004,1108,356,17,28,0,12,71,88,56,47,246,161,50,40,151,128,162,88,167,83,87,57,12,19,0,12,29,34,60,69,4,1204,Suffolk County,Massachusetts
1500000US250251204005,1041,393,0,12,0,12,0,12,16,26,119,86,72,58,45,45,356,279,112,72,198,125,31,35,14,22,64,74,14,22,5,1204,Suffolk County,Massachusetts
1500000US250251205001,377,105,0,12,0,12,3,6,18,22,0,12,59,33,46,36,122,86,18,14,62,32,0,12,5,8,24,23,20,21,1,1205,Suffolk County,Massachusetts
1500000US250251205002,632,155,0,12,0,12,11,12,13,14,67,42,16,19,105,45,141,75,30,18,89,59,5,8,21,25,42,35,92,79,2,1205,Suffolk County,Massachusetts
1500000US250251205003,403,101,0,12,14,23,0,12,18,17,33,30,47,39,18,14,23,19,28,19,104,54,0,12,0,12,89,50,29,22,3,1205,Suffolk County,Massachusetts
1500000US250251206001,659,163,0,12,0,12,0,12,36,42,48,32,86,75,99,58,85,47,114,65,61,48,36,46,0,12,70,44,24,20,1,1206,Suffolk County,Massachusetts
1500000US250251206002,569,124,0,12,9,14,9,13,7,12,55,36,139,68,18,16,168,76,76,39,57,37,17,20,0,12,14,17,0,12,2,1206,Suffolk County,Massachusetts
1500000US250251206003,534,149,0,12,0,12,0,12,17,19,29,28,79,64,64,34,135,71,36,37,39,44,4,8,13,16,110,91,8,12,3,1206,Suffolk County,Massachusetts
1500000US250251207001,516,116,13,18,0,12,29,27,30,33,56,49,49,35,68,41,108,50,63,38,36,24,8,11,0,12,45,31,11,13,1,1207,Suffolk County,Massachusetts
1500000US250251207002,757,132,0,12,0,12,17,16,37,32,39,21,159,76,72,51,149,53,86,47,125,51,15,13,6,9,14,14,38,31,2,1207,Suffolk County,Massachusetts
1500000US250251301001,527,229,0,12,36,56,107,109,16,26,63,73,33,51,80,66,148,103,0,12,16,24,16,26,12,21,0,12,0,12,1,1301,Suffolk County,Massachusetts
1500000US250251301002,941,282,0,12,25,41,0,12,0,12,78,64,303,181,96,88,200,132,123,98,79,71,19,26,0,12,18,29,0,12,2,1301,Suffolk County,Massachusetts
1500000US250251301003,349,184,12,21,0,12,0,12,0,12,42,65,24,39,83,84,57,68,70,72,20,31,0,12,0,12,41,65,0,12,3,1301,Suffolk County,Massachusetts
1500000US250251301004,387,193,0,12,16,28,0,12,37,63,48,58,118,124,50,49,56,56,0,12,30,50,0,12,0,12,15,24,17,29,4,1301,Suffolk County,Massachusetts
1500000US250251301005,586,216,0,12,0,12,0,12,20,30,26,40,47,80,286,164,58,62,0,12,79,93,0,12,0,12,29,44,41,69,5,1301,Suffolk County,Massachusetts
1500000US250251301006,122,81,0,12,0,12,0,12,9,15,24,37,15,24,25,29,12,20,0,12,14,24,0,12,0,12,23,35,0,12,6,1301,Suffolk County,Massachusetts
1500000US250251301007,569,282,36,57,17,27,17,27,16,26,119,87,139,115,50,67,63,72,54,51,24,39,20,32,0,12,14,22,0,12,7,1301,Suffolk County,Massachusetts
1500000US250251302001,381,152,0,12,0,12,18,26,37,32,0,12,116,135,21,22,82,33,31,35,62,42,0,12,0,12,6,9,8,13,1,1302,Suffolk County,Massachusetts
1500000US250251302002,525,152,31,47,0,12,9,13,135,114,21,18,128,66,39,32,32,23,47,39,53,40,0,12,19,21,11,17,0,12,2,1302,Suffolk County,Massachusetts
1500000US250251302003,751,149,0,12,0,12,12,19,122,61,91,49,134,61,124,54,101,61,26,24,62,45,19,20,0,12,31,49,29,26,3,1302,Suffolk County,Massachusetts
1500000US250251302004,500,137,0,12,0,12,11,17,10,17,147,62,80,53,76,54,91,65,14,17,22,26,0,12,0,12,33,30,16,15,4,1302,Suffolk County,Massachusetts
1500000US250251302005,542,175,0,12,0,12,0,12,49,41,57,33,110,63,57,37,140,110,23,27,0,12,0,12,0,12,42,36,64,46,5,1302,Suffolk County,Massachusetts
1500000US250251303001,531,123,0,12,0,12,15,23,56,51,41,32,137,64,156,81,82,49,14,17,12,20,0,12,0,12,6,11,12,18,1,1303,Suffolk County,Massachusetts
1500000US250251303002,437,126,0,12,24,30,9,14,25,23,43,41,71,43,71,59,98,47,39,33,38,35,0,12,0,12,6,12,13,15,2,1303,Suffolk County,Massachusetts
1500000US250251303003,359,99,13,19,0,12,0,12,43,40,72,42,34,37,76,52,23,27,23,18,35,29,13,19,0,12,27,23,0,12,3,1303,Suffolk County,Massachusetts
1500000US250251303004,633,149,0,12,0,12,0,12,75,52,114,66,94,44,62,40,60,54,38,49,31,27,19,22,0,12,94,72,46,46,4,1303,Suffolk County,Massachusetts
1500000US250251303005,380,140,0,12,10,16,0,12,20,23,38,27,37,27,142,81,59,65,0,12,30,29,0,12,0,12,16,17,28,26,5,1303,Suffolk County,Massachusetts
1500000US250251304021,365,157,0,12,0,12,0,12,27,44,154,98,85,65,15,25,28,33,0,12,0,12,23,33,0,12,0,12,33,38,1,1304.02,Suffolk County,Massachusetts
1500000US250251304022,445,174,0,12,0,12,26,43,94,61,30,38,80,88,36,44,42,50,46,56,23,27,0,12,0,12,30,34,38,44,2,1304.02,Suffolk County,Massachusetts
1500000US250251304023,725,219,29,45,0,12,76,110,144,96,93,61,11,19,108,74,66,55,21,34,46,45,52,63,0,12,47,41,32,40,3,1304.02,Suffolk County,Massachusetts
1500000US250251304024,709,247,0,12,0,12,54,59,69,51,30,42,209,154,32,37,99,113,15,28,174,170,0,12,0,12,27,45,0,12,4,1304.02,Suffolk County,Massachusetts
1500000US250251304025,508,258,0,12,0,12,67,89,49,61,54,45,85,68,11,18,27,43,17,21,178,128,0,12,0,12,11,17,9,17,5,1304.02,Suffolk County,Massachusetts
1500000US250251304041,996,222,0,12,46,50,0,12,68,65,138,58,129,75,203,101,78,65,107,104,42,40,24,27,0,12,78,54,83,63,1,1304.04,Suffolk County,Massachusetts
1500000US250251304042,272,102,0,12,8,12,13,23,5,8,26,35,72,48,39,31,23,24,22,24,57,60,0,12,0,12,0,12,7,12,2,1304.04,Suffolk County,Massachusetts
1500000US250251304043,255,96,9,14,39,43,0,12,10,14,8,12,23,21,72,65,18,19,9,11,6,11,0,12,0,12,37,40,24,23,3,1304.04,Suffolk County,Massachusetts
1500000US250251304061,1294,313,0,12,0,12,81,85,80,77,191,129,162,103,116,94,32,34,16,26,159,128,0,12,42,66,337,158,78,81,1,1304.06,Suffolk County,Massachusetts
1500000US250251304062,1163,281,0,12,39,59,53,47,199,118,112,77,200,112,111,71,117,94,33,38,41,48,61,57,0,12,51,49,146,122,2,1304.06,Suffolk County,Massachusetts
1500000US250251304063,333,146,39,44,0,12,23,37,43,58,56,58,114,95,23,36,0,12,17,27,0,12,0,12,0,12,0,12,18,28,3,1304.06,Suffolk County,Massachusetts
1500000US250251401021,753,253,16,28,17,26,0,12,130,91,66,58,180,112,109,93,8,13,66,79,0,12,50,41,10,15,101,68,0,12,1,1401.02,Suffolk County,Massachusetts
1500000US250251401022,434,116,33,52,15,21,9,15,64,43,17,27,61,59,28,26,53,35,10,17,45,38,37,44,0,12,18,21,44,31,2,1401.02,Suffolk County,Massachusetts
1500000US250251401023,403,112,22,34,28,34,0,12,45,40,32,30,85,56,114,72,27,26,13,18,7,10,7,10,0,12,8,13,15,25,3,1401.02,Suffolk County,Massachusetts
1500000US250251401024,704,190,16,20,0,12,50,49,51,42,56,40,173,107,56,36,144,108,61,63,27,24,10,15,8,11,30,32,22,27,4,1401.02,Suffolk County,Massachusetts
1500000US250251401051,1506,340,20,23,95,74,53,42,233,130,127,66,433,189,137,76,146,79,29,32,53,40,39,41,18,21,59,45,64,57,1,1401.05,Suffolk County,Massachusetts
1500000US250251401052,592,276,0,12,30,49,57,75,90,81,108,103,165,139,0,12,24,31,13,15,15,33,0,12,28,28,7,17,55,58,2,1401.05,Suffolk County,Massachusetts
1500000US250251401061,632,105,5,11,10,15,53,40,56,29,81,45,84,37,97,49,53,31,35,27,45,34,4,8,0,12,62,34,47,28,1,1401.06,Suffolk County,Massachusetts
1500000US250251401062,200,55,0,12,3,5,0,12,20,22,6,7,13,14,11,15,26,26,46,41,18,18,0,12,0,12,38,31,19,26,2,1401.06,Suffolk County,Massachusetts
1500000US250251401071,1017,180,25,19,34,30,46,33,58,39,83,43,230,100,136,47,140,54,89,37,30,22,19,22,5,8,71,74,51,58,1,1401.07,Suffolk County,Massachusetts
1500000US250251401072,389,104,30,35,4,6,5,8,14,12,104,60,77,55,44,23,4,6,6,11,0,12,0,12,0,12,101,42,0,12,2,1401.07,Suffolk County,Massachusetts
1500000US250251402011,701,127,19,22,25,38,86,54,70,47,166,120,59,30,12,15,125,50,5,8,74,51,0,12,11,13,43,40,6,10,1,1402.01,Suffolk County,Massachusetts
1500000US250251402012,728,166,47,40,21,23,37,42,124,80,91,56,132,76,44,32,59,40,19,26,23,33,2,6,14,13,87,54,28,26,2,1402.01,Suffolk County,Massachusetts
1500000US250251402021,612,210,19,24,55,43,10,15,47,51,42,40,57,41,114,78,12,18,39,46,0,12,9,16,20,23,47,37,141,102,1,1402.02,Suffolk County,Massachusetts
1500000US250251402022,604,192,0,12,41,56,0,12,59,64,63,62,96,78,41,39,76,69,9,15,62,59,18,20,6,11,33,31,100,115,2,1402.02,Suffolk County,Massachusetts
1500000US250251402023,557,165,10,17,66,65,0,12,79,72,33,32,167,106,35,29,30,28,9,13,9,17,0,12,15,19,15,16,89,55,3,1402.02,Suffolk County,Massachusetts
1500000US250251402024,730,281,39,46,0,12,35,47,61,59,136,81,101,80,66,49,124,103,56,54,6,11,48,54,30,41,19,22,9,13,4,1402.02,Suffolk County,Massachusetts
1500000US250251402025,493,170,30,42,37,37,10,16,111,72,59,55,92,48,17,20,57,41,7,10,21,31,24,27,10,15,18,21,0,12,5,1402.02,Suffolk County,Massachusetts
1500000US250251403001,902,430,60,95,49,68,73,88,191,128,32,36,63,85,25,22,48,61,0,12,199,169,20,32,0,12,66,65,76,101,1,1403,Suffolk County,Massachusetts
1500000US250251403002,436,232,0,12,0,12,0,12,162,124,11,20,18,30,22,35,211,119,0,12,12,21,0,12,0,12,0,12,0,12,2,1403,Suffolk County,Massachusetts
1500000US250251403003,816,416,0,12,0,12,67,83,77,79,123,145,154,99,79,91,41,49,0,12,64,55,0,12,17,27,177,130,17,29,3,1403,Suffolk County,Massachusetts
1500000US250251403004,249,132,0,12,0,12,11,20,0,12,0,12,79,71,47,69,15,27,0,12,0,12,0,12,0,12,44,51,53,56,4,1403,Suffolk County,Massachusetts
1500000US250251403005,451,250,0,12,77,96,74,76,0,12,0,12,98,100,15,25,0,12,0,12,48,78,0,12,26,41,75,91,38,59,5,1403,Suffolk County,Massachusetts
1500000US250251403006,347,137,0,12,0,12,17,29,36,43,70,76,51,64,13,21,55,52,15,25,32,40,13,23,0,12,29,45,16,25,6,1403,Suffolk County,Massachusetts
1500000US250251404001,113,84,0,12,0,12,0,12,15,26,33,55,0,12,0,12,20,33,0,12,0,12,0,12,0,12,0,12,45,67,1,1404,Suffolk County,Massachusetts
1500000US250251404002,466,243,0,12,0,12,0,12,77,92,33,36,15,28,141,140,0,12,46,67,12,18,0,12,0,12,97,100,45,40,2,1404,Suffolk County,Massachusetts
1500000US250251404003,813,326,0,12,136,107,26,38,177,131,50,46,164,114,71,61,34,50,0,12,0,12,0,12,0,12,39,62,116,94,3,1404,Suffolk County,Massachusetts
1500000US250251404004,183,138,17,28,0,12,14,25,43,53,0,12,29,35,37,62,15,23,0,12,14,21,0,12,0,12,14,23,0,12,4,1404,Suffolk County,Massachusetts
1500000US250251404005,961,278,177,134,44,57,0,12,169,119,113,101,100,92,101,84,55,91,0,12,30,36,0,12,15,24,135,104,22,38,5,1404,Suffolk County,Massachusetts
1500000US250251404006,838,300,27,42,25,42,0,12,37,44,128,126,122,96,114,104,117,96,0,12,0,12,0,12,0,12,125,92,143,111,6,1404,Suffolk County,Massachusetts
1500000US250251404007,469,169,19,29,20,32,14,22,66,72,16,26,127,109,0,12,26,42,0,12,75,70,14,24,0,12,92,81,0,12,7,1404,Suffolk County,Massachusetts
1500000US250251601011,1020,443,117,103,158,122,30,48,95,93,83,71,114,102,31,47,59,65,89,75,121,100,17,28,0,12,68,78,38,60,1,1601.01,Suffolk County,Massachusetts
1500000US250251601012,1055,496,129,129,122,86,39,60,159,106,120,108,155,95,61,70,32,35,0,12,0,12,23,38,0,12,133,140,82,70,2,1601.01,Suffolk County,Massachusetts
1500000US250251601013,643,249,47,56,28,34,0,12,70,49,94,113,148,111,60,65,32,50,0,12,0,12,0,12,0,12,110,97,54,63,3,1601.01,Suffolk County,Massachusetts
1500000US250251601014,1207,454,47,56,199,130,0,12,202,121,46,54,151,85,19,30,147,110,50,80,88,97,33,53,0,12,121,116,104,103,4,1601.01,Suffolk County,Massachusetts
1500000US250251601015,414,248,23,39,0,12,0,12,29,49,36,56,70,86,15,25,87,102,0,12,21,35,0,12,0,12,89,93,44,68,5,1601.01,Suffolk County,Massachusetts
1500000US250251602001,862,355,95,88,98,90,32,29,60,62,36,40,194,149,0,12,6,9,14,21,100,100,0,12,0,12,70,63,157,112,1,1602,Suffolk County,Massachusetts
1500000US250251602002,298,157,45,49,0,12,11,17,49,40,45,47,23,36,0,12,0,12,0,12,7,11,0,12,0,12,48,34,70,66,2,1602,Suffolk County,Massachusetts
1500000US250251602003,1013,374,111,120,25,39,45,37,111,81,94,95,114,93,80,91,121,99,0,12,40,45,33,36,0,12,127,70,112,58,3,1602,Suffolk County,Massachusetts
1500000US250251603001,911,126,11,17,50,40,56,45,114,63,76,44,163,62,125,62,129,53,8,13,47,45,34,42,21,24,35,32,42,33,1,1603,Suffolk County,Massachusetts
1500000US250251603002,291,132,0,12,7,11,41,42,112,98,31,18,39,38,8,13,9,13,9,14,16,25,6,10,0,12,6,9,7,11,2,1603,Suffolk County,Massachusetts
1500000US250251604001,719,133,85,50,59,46,67,43,20,17,78,38,95,43,46,34,105,43,16,16,57,46,4,8,9,13,47,34,31,26,1,1604,Suffolk County,Massachusetts
1500000US250251604002,852,177,175,77,58,31,54,36,94,46,32,23,94,50,77,50,44,24,10,14,31,22,49,47,8,11,36,27,90,47,2,1604,Suffolk County,Massachusetts
1500000US250251605011,1020,275,49,48,82,66,31,37,207,102,96,88,110,73,17,20,170,128,0,12,65,89,35,44,22,30,77,45,59,67,1,1605.01,Suffolk County,Massachusetts
1500000US250251605012,455,186,96,114,49,38,24,32,73,63,0,12,70,44,12,20,21,26,0,12,0,12,0,12,27,44,58,49,25,41,2,1605.01,Suffolk County,Massachusetts
1500000US250251605013,204,88,0,12,50,57,26,33,33,42,6,10,36,30,4,10,27,33,0,12,0,12,9,15,0,12,0,12,13,21,3,1605.01,Suffolk County,Massachusetts
1500000US250251605014,376,223,37,42,158,187,0,12,42,46,7,13,34,38,0,12,19,20,0,12,0,12,0,12,28,31,10,15,41,51,4,1605.01,Suffolk County,Massachusetts
1500000US250251605015,478,219,24,39,92,103,0,12,79,75,29,35,78,63,23,36,20,32,11,17,19,32,18,28,0,12,0,12,85,69,5,1605.01,Suffolk County,Massachusetts
1500000US250251605021,1017,267,40,37,48,36,61,52,82,62,104,69,191,191,52,70,123,90,0,12,33,40,31,32,56,70,83,74,113,68,1,1605.02,Suffolk County,Massachusetts
1500000US250251605022,740,215,78,79,169,108,0,12,60,59,58,54,55,50,50,55,100,63,5,8,18,29,52,44,0,12,87,60,8,12,2,1605.02,Suffolk County,Massachusetts
1500000US250251605023,468,248,10,17,47,51,0,12,139,136,9,14,35,42,70,57,64,72,0,12,0,12,28,45,0,12,57,52,9,15,3,1605.02,Suffolk County,Massachusetts
1500000US250251606011,1126,209,65,60,0,12,96,62,130,104,40,27,153,79,175,86,208,92,71,43,42,42,36,38,0,12,60,51,50,47,1,1606.01,Suffolk County,Massachusetts
1500000US250251606012,933,261,137,98,56,43,7,11,72,66,72,57,159,91,144,106,38,30,62,51,20,22,47,45,29,39,48,43,42,42,2,1606.01,Suffolk County,Massachusetts
1500000US250251606021,911,308,88,102,47,51,28,44,75,41,78,55,251,216,78,53,53,67,36,36,14,21,28,35,18,26,83,60,34,41,1,1606.02,Suffolk County,Massachusetts
1500000US250251606022,441,192,27,33,52,64,32,37,44,47,30,34,8,14,47,49,72,63,32,29,0,12,33,39,8,13,56,71,0,12,2,1606.02,Suffolk County,Massachusetts
1500000US250251606023,332,137,7,11,26,28,9,16,35,36,27,30,33,28,53,45,53,49,22,24,26,34,34,39,0,12,7,11,0,12,3,1606.02,Suffolk County,Massachusetts
1500000US250251606024,389,160,88,68,41,53,35,46,47,54,35,40,37,48,0,12,40,40,0,12,17,25,15,20,16,26,0,12,18,23,4,1606.02,Suffolk County,Massachusetts
1500000US250251606025,475,158,5,10,0,12,64,50,15,17,99,73,42,45,59,48,41,40,34,45,0,12,46,55,0,12,37,44,33,31,5,1606.02,Suffolk County,Massachusetts
1500000US250251701001,486,225,84,112,0,12,41,46,26,32,88,77,33,30,26,30,58,59,44,47,25,29,14,21,12,19,13,21,22,32,1,1701,Suffolk County,Massachusetts
1500000US250251701002,707,404,70,87,0,12,48,79,66,109,81,70,168,124,55,83,67,86,0,12,0,12,66,67,22,33,9,15,55,47,2,1701,Suffolk County,Massachusetts
1500000US250251701003,294,127,40,48,0,12,16,27,44,52,10,16,25,27,33,39,22,36,29,36,24,29,6,9,0,12,0,12,45,56,3,1701,Suffolk County,Massachusetts
1500000US250251701004,314,198,30,36,0,12,5,13,23,34,6,11,136,180,29,34,0,12,0,12,34,39,44,47,0,12,7,17,0,12,4,1701,Suffolk County,Massachusetts
1500000US250251701005,746,271,0,12,83,79,92,94,17,30,104,96,34,41,78,55,109,97,14,25,103,87,0,12,0,12,103,132,9,16,5,1701,Suffolk County,Massachusetts
1500000US250251701006,529,229,57,39,0,12,37,57,54,46,73,73,132,77,0,12,115,87,0,12,52,54,9,18,0,12,0,12,0,12,6,1701,Suffolk County,Massachusetts
1500000US250251701007,615,229,0,12,19,27,10,18,58,80,112,87,172,144,40,29,11,17,12,20,49,66,63,85,9,13,34,37,26,44,7,1701,Suffolk County,Massachusetts
1500000US250251702001,305,105,0,12,56,48,29,25,26,26,13,15,45,35,28,34,13,21,8,13,21,23,25,23,0,12,14,23,27,22,1,1702,Suffolk County,Massachusetts
1500000US250251702002,782,241,11,18,76,56,0,12,112,86,29,26,144,126,63,38,113,95,58,45,21,25,7,13,0,12,71,63,77,62,2,1702,Suffolk County,Massachusetts
1500000US250251702003,265,121,16,17,0,12,0,12,96,77,0,12,52,88,8,12,23,26,0,12,11,16,9,14,6,10,36,33,8,14,3,1702,Suffolk County,Massachusetts
1500000US250251702004,766,189,9,16,37,40,78,68,144,99,23,29,112,82,128,70,46,28,41,35,57,54,10,15,0,12,21,27,60,59,4,1702,Suffolk County,Massachusetts
1500000US250251703001,1222,347,51,49,18,30,43,50,34,39,192,142,281,185,191,192,179,112,74,51,17,29,0,12,14,24,21,27,107,101,1,1703,Suffolk County,Massachusetts
1500000US250251703002,531,235,0,12,0,12,38,40,72,109,54,61,84,112,13,24,36,40,0,12,30,38,39,46,26,42,34,38,105,135,2,1703,Suffolk County,Massachusetts
1500000US250251703003,408,160,9,16,0,12,13,20,0,12,27,31,13,21,117,85,67,48,0,12,54,41,16,26,0,12,62,64,30,37,3,1703,Suffolk County,Massachusetts
1500000US250251703004,1149,452,10,17,228,292,19,30,84,77,95,71,81,72,71,78,108,93,52,63,102,93,34,42,0,12,159,117,106,79,4,1703,Suffolk County,Massachusetts
1500000US250251703005,651,238,74,72,16,25,60,64,43,46,51,54,101,73,48,76,89,95,36,42,14,24,0,12,0,12,88,61,31,28,5,1703,Suffolk County,Massachusetts
1500000US250251703006,616,269,0,12,86,89,40,64,54,67,18,29,77,77,72,67,142,102,15,24,44,72,0,12,0,12,17,29,51,59,6,1703,Suffolk County,Massachusetts
1500000US250251703007,353,195,61,66,0,12,48,56,0,12,42,45,0,12,72,88,33,37,11,19,35,38,0,12,32,52,19,35,0,12,7,1703,Suffolk County,Massachusetts
1500000US250251704001,415,203,31,35,0,12,53,63,0,12,29,37,26,52,56,71,23,26,0,12,0,12,18,26,79,106,69,75,31,47,1,1704,Suffolk County,Massachusetts
1500000US250251704002,570,212,23,27,50,58,20,32,0,12,74,78,71,82,0,12,140,114,0,12,50,58,58,76,16,26,14,23,54,61,2,1704,Suffolk County,Massachusetts
1500000US250251704003,396,167,2,3,18,26,0,12,29,39,14,24,47,57,74,58,63,48,1,2,9,15,0,12,0,12,67,59,72,76,3,1704,Suffolk County,Massachusetts
1500000US250251704004,1308,250,36,58,115,86,74,84,106,79,74,80,207,139,91,77,161,148,69,53,129,113,29,39,0,12,103,78,114,88,4,1704,Suffolk County,Massachusetts
1500000US250251705011,876,188,81,64,41,33,19,18,73,48,18,19,186,79,85,43,108,72,9,14,104,82,52,58,0,12,48,66,52,47,1,1705.01,Suffolk County,Massachusetts
1500000US250251705012,657,150,22,21,0,12,9,15,45,31,107,57,57,37,98,65,105,53,9,14,35,28,0,12,0,12,116,72,54,47,2,1705.01,Suffolk County,Massachusetts
1500000US250251705021,648,173,23,33,10,15,49,40,64,45,29,22,87,56,84,52,166,88,31,31,29,28,24,29,26,26,9,14,17,19,1,1705.02,Suffolk County,Massachusetts
1500000US250251705022,670,138,40,42,0,12,0,12,66,46,52,68,166,91,40,31,103,71,72,58,40,37,20,22,15,18,0,12,56,50,2,1705.02,Suffolk County,Massachusetts
1500000US250251706011,907,247,72,50,41,32,43,41,81,90,55,54,131,83,8,13,169,94,41,31,126,75,30,28,13,20,38,28,59,46,1,1706.01,Suffolk County,Massachusetts
1500000US250251706012,897,271,55,50,7,12,34,41,40,54,176,124,88,63,156,117,126,90,56,52,41,33,0,12,20,23,28,27,70,87,2,1706.01,Suffolk County,Massachusetts
1500000US250251706013,557,182,50,45,8,13,14,21,27,28,102,107,58,43,47,38,81,77,23,30,18,18,0,12,17,19,70,57,42,33,3,1706.01,Suffolk County,Massachusetts
1500000US250251706014,660,381,17,19,93,139,86,113,46,26,15,15,90,74,67,45,27,27,60,57,0,12,16,18,15,22,68,46,60,54,4,1706.01,Suffolk County,Massachusetts
1500000US250251707011,431,136,9,14,28,19,35,31,62,43,46,44,52,30,101,74,10,13,36,26,0,12,5,8,0,12,17,17,30,24,1,1707.01,Suffolk County,Massachusetts
1500000US250251707012,601,139,39,36,42,38,16,17,18,13,58,41,43,29,54,28,96,46,19,18,44,37,35,31,6,9,49,32,82,51,2,1707.01,Suffolk County,Massachusetts
1500000US250251707021,576,324,0,12,72,112,17,28,61,96,43,70,110,107,54,70,33,54,35,57,114,129,0,12,0,12,37,46,0,12,1,1707.02,Suffolk County,Massachusetts
1500000US250251707022,598,300,0,12,0,12,100,100,18,31,29,47,37,74,68,85,180,137,0,12,91,94,0,12,0,12,75,89,0,12,2,1707.02,Suffolk County,Massachusetts
1500000US250251707023,721,447,0,12,99,147,50,55,279,245,9,16,98,143,29,44,16,24,0,12,0,12,7,14,17,29,99,100,18,27,3,1707.02,Suffolk County,Massachusetts
1500000US250251707024,838,579,0,12,113,130,14,25,0,12,172,241,25,56,18,29,18,54,64,105,170,239,19,32,0,12,40,67,185,182,4,1707.02,Suffolk County,Massachusetts
1500000US250251707025,823,266,0,12,16,31,0,12,43,59,112,146,0,12,59,59,255,208,0,12,77,90,0,12,0,12,159,152,102,82,5,1707.02,Suffolk County,Massachusetts
1500000US250251708001,1116,304,112,106,78,88,26,45,68,61,95,88,14,24,72,61,162,111,66,70,173,124,25,30,55,69,49,62,121,74,1,1708,Suffolk County,Massachusetts
1500000US250251708002,361,158,0,12,18,27,15,25,0,12,0,12,73,72,18,28,51,52,23,29,13,24,9,14,25,35,46,47,70,85,2,1708,Suffolk County,Massachusetts
1500000US250251708003,549,222,1,3,214,139,0,12,41,66,17,27,44,67,11,18,100,106,0,12,17,27,54,82,0,12,11,17,39,44,3,1708,Suffolk County,Massachusetts
1500000US250251708004,904,583,8,13,146,123,127,136,0,12,130,138,25,29,104,80,145,141,0,12,0,12,68,59,0,12,24,40,127,97,4,1708,Suffolk County,Massachusetts
1500000US250251801011,746,206,31,37,0,12,11,17,83,86,55,51,238,218,94,71,56,45,0,12,74,65,75,87,0,12,29,39,0,12,1,1801.01,Suffolk County,Massachusetts
1500000US250251801012,679,262,12,19,0,12,7,12,31,27,65,77,69,82,97,98,225,195,12,20,67,80,0,12,0,12,39,54,55,53,2,1801.01,Suffolk County,Massachusetts
1500000US250251801013,1009,312,164,107,17,25,28,33,18,37,109,93,69,48,97,84,74,75,0,12,165,136,0,12,115,127,118,94,35,40,3,1801.01,Suffolk County,Massachusetts
1500000US250251802001,468,149,21,24,0,12,12,19,11,17,14,18,69,46,38,29,30,31,80,62,25,20,97,99,0,12,25,24,46,40,1,1802,Suffolk County,Massachusetts
1500000US250251802002,361,142,17,15,0,12,10,16,27,28,5,12,34,28,26,24,40,30,29,25,0,12,37,48,46,33,0,12,90,102,2,1802,Suffolk County,Massachusetts
1500000US250251802003,387,131,0,12,0,12,30,44,38,29,38,47,28,28,39,30,98,81,8,12,35,34,7,11,0,12,52,47,14,22,3,1802,Suffolk County,Massachusetts
1500000US250251802004,538,144,45,46,16,25,28,26,18,28,27,29,86,60,38,30,99,70,65,55,14,24,47,37,0,12,29,32,26,41,4,1802,Suffolk County,Massachusetts
1500000US250251803011,271,96,0,12,7,14,33,31,11,18,27,26,10,15,32,28,22,23,49,50,36,40,0,12,0,12,34,43,10,15,1,1803.01,Suffolk County,Massachusetts
1500000US250251803012,551,187,11,18,7,11,22,35,69,65,68,57,76,45,91,78,107,81,21,25,19,30,0,12,16,25,0,12,44,66,2,1803.01,Suffolk County,Massachusetts
1500000US250251803013,374,96,14,22,0,12,0,12,28,25,9,14,91,49,89,49,32,31,49,45,0,12,0,12,0,12,8,14,54,43,3,1803.01,Suffolk County,Massachusetts
1500000US250251803014,433,153,8,15,4,8,11,16,17,30,31,27,112,103,65,46,99,62,14,17,34,29,8,14,12,18,11,15,7,10,4,1803.01,Suffolk County,Massachusetts
1500000US250251804001,443,104,0,12,5,7,14,18,44,28,33,27,81,35,53,27,70,47,6,10,42,32,0,12,24,19,27,22,44,30,1,1804,Suffolk County,Massachusetts
1500000US250251804002,673,177,26,30,0,12,33,29,105,62,24,21,98,48,139,65,62,44,25,27,23,22,41,53,0,12,91,97,6,9,2,1804,Suffolk County,Massachusetts
1500000US250251805001,807,156,29,26,42,43,74,51,86,61,48,48,116,66,70,40,79,62,22,22,28,35,0,12,0,12,123,66,90,67,1,1805,Suffolk County,Massachusetts
1500000US250251805002,277,92,13,18,0,12,23,35,24,40,7,11,88,55,27,24,41,32,12,20,9,15,0,12,0,12,33,44,0,12,2,1805,Suffolk County,Massachusetts
1500000US250251805003,696,200,73,56,0,12,36,52,12,18,56,49,182,81,94,57,8,12,11,17,29,37,0,12,0,12,68,64,127,104,3,1805,Suffolk County,Massachusetts
1500000US250251805004,703,181,0,12,8,14,27,41,60,45,172,74,131,93,53,34,67,41,83,73,0,12,25,29,0,12,55,35,22,18,4,1805,Suffolk County,Massachusetts
1500000US250259801011,39,50,4,9,0,12,2,5,2,5,18,32,7,12,4,11,0,12,0,12,0,12,0,12,0,12,2,5,0,12,1,9801.01,Suffolk County,Massachusetts
1500000US250259803001,73,56,0,12,0,12,6,15,0,12,14,31,0,12,0,12,12,29,0,12,0,12,0,12,0,12,35,40,6,15,1,9803,Suffolk County,Massachusetts
1500000US250259807001,0,12,0,12,0,12,0,12,0,12,0,12,0,12,0,12,0,12,0,12,0,12,0,12,0,12,0,12,0,12,1,9807,Suffolk County,Massachusetts
1500000US250259810001,0,12,0,12,0,12,0,12,0,12,0,12,0,12,0,12,0,12,0,12,0,12,0,12,0,12,0,12,0,12,1,9810,Suffolk County,Massachusetts
1500000US250259811001,0,12,0,12,0,12,0,12,0,12,0,12,0,12,0,12,0,12,0,12,0,12,0,12,0,12,0,12,0,12,1,9811,Suffolk County,Massachusetts
1500000US250259811002,0,12,0,12,0,12,0,12,0,12,0,12,0,12,0,12,0,12,0,12,0,12,0,12,0,12,0,12,0,12,2,9811,Suffolk County,Massachusetts
1500000US250259811003,8,14,0,12,0,12,0,12,0,12,4,7,0,12,0,12,0,12,0,12,0,12,0,12,0,12,4,7,0,12,3,9811,Suffolk County,Massachusetts
1500000US250259811004,110,58,0,12,0,12,8,13,8,9,23,26,5,7,16,19,31,49,0,12,4,7,5,7,0,12,10,17,0,12,4,9811,Suffolk County,Massachusetts
1500000US250259812011,0,12,0,12,0,12,0,12,0,12,0,12,0,12,0,12,0,12,0,12,0,12,0,12,0,12,0,12,0,12,1,9812.01,Suffolk County,Massachusetts
1500000US250259812021,161,86,23,35,0,12,0,12,45,48,23,30,51,39,0,12,0,12,0,12,0,12,0,12,0,12,0,12,19,29,1,9812.02,Suffolk County,Massachusetts
1500000US250259813001,0,12,0,12,0,12,0,12,0,12,0,12,0,12,0,12,0,12,0,12,0,12,0,12,0,12,0,12,0,12,1,9813,Suffolk County,Massachusetts
1500000US250259813002,325,85,0,12,4,6,20,15,24,18,27,24,24,16,53,24,53,28,39,22,5,7,0,12,0,12,76,79,0,12,2,9813,Suffolk County,Massachusetts
1500000US250259815011,0,12,0,12,0,12,0,12,0,12,0,12,0,12,0,12,0,12,0,12,0,12,0,12,0,12,0,12,0,12,1,9815.01,Suffolk County,Massachusetts
1500000US250259815021,4,5,0,12,0,12,0,12,0,12,4,5,0,12,0,12,0,12,0,12,0,12,0,12,0,12,0,12,0,12,1,9815.02,Suffolk County,Massachusetts
1500000US250259816001,0,12,0,12,0,12,0,12,0,12,0,12,0,12,0,12,0,12,0,12,0,12,0,12,0,12,0,12,0,12,1,9816,Suffolk County,Massachusetts
1500000US250259817001,0,12,0,12,0,12,0,12,0,12,0,12,0,12,0,12,0,12,0,12,0,12,0,12,0,12,0,12,0,12,1,9817,Suffolk County,Massachusetts
1500000US250259818001,23,9,0,12,0,12,4,6,0,12,7,7,0,12,8,8,0,12,0,12,0,12,0,12,0,12,4,5,0,12,1,9818,Suffolk County,Massachusetts
1500000US250259901010,0,12,0,12,0,12,0,12,0,12,0,12,0,12,0,12,0,12,0,12,0,12,0,12,0,12,0,12,0,12,0,9901.01,Suffolk County,Massachusetts
